"Amostras","Ia","Ib","Ic","RPM"
"1","369","14","-394","1728"
"2","364","30","-405","1728"
"3","358","44","-413","1728"
"4","352","55","-418","1728"
"5","346","67","-424","1728"
"6","338","83","-432","1728"
"7","328","99","-440","1728"
"8","316","118","-446","1728"
"9","300","140","-453","1728"
"10","283","163","-459","1728"
"11","266","188","-467","1728"
"12","247","215","-476","1728"
"13","225","246","-485","1728"
"14","201","278","-493","1728"
"15","177","308","-499","1728"
"16","152","337","-505","1728"
"17","126","366","-508","1728"
"18","101","394","-510","1728"
"19","78","418","-513","1728"
"20","57","442","-515","1728"
"21","39","461","-517","1728"
"22","22","479","-518","1728"
"23","4","495","-517","1728"
"24","-12","508","-513","1728"
"25","-27","516","-508","1728"
"26","-39","522","-501","1728"
"27","-52","526","-493","1728"
"28","-67","529","-480","1728"
"29","-82","527","-463","1728"
"30","-99","522","-442","1728"
"31","-117","515","-417","1728"
"32","-134","504","-388","1728"
"33","-153","492","-357","1728"
"34","-175","481","-324","1728"
"35","-197","468","-289","1728"
"36","-219","454","-253","1728"
"37","-241","438","-215","1728"
"38","-264","423","-176","1728"
"39","-286","408","-139","1728"
"40","-306","394","-105","1728"
"41","-324","381","-74","1728"
"42","-341","369","-45","1728"
"43","-356","358","-18","1728"
"44","-371","348","8","1728"
"45","-383","336","31","1728"
"46","-389","325","49","1728"
"47","-394","315","64","1728"
"48","-399","304","80","1728"
"49","-405","292","98","1728"
"50","-408","279","115","1728"
"51","-410","264","131","1728"
"52","-410","248","148","1728"
"53","-409","231","164","1728"
"54","-409","214","181","1728"
"55","-411","194","203","1728"
"56","-411","173","225","1728"
"57","-410","150","246","1728"
"58","-407","127","267","1728"
"59","-404","103","289","1728"
"60","-400","77","311","1728"
"61","-396","54","330","1728"
"62","-393","33","348","1728"
"63","-389","14","363","1728"
"64","-385","-3","377","1728"
"65","-382","-20","391","1728"
"66","-378","-36","403","1728"
"67","-371","-50","411","1728"
"68","-365","-63","418","1728"
"69","-359","-75","424","1728"
"70","-351","-91","432","1728"
"71","-342","-108","440","1728"
"72","-329","-127","447","1728"
"73","-314","-149","454","1728"
"74","-297","-173","461","1728"
"75","-279","-198","468","1728"
"76","-260","-226","478","1728"
"77","-237","-257","487","1728"
"78","-213","-289","495","1728"
"79","-188","-320","501","1728"
"80","-163","-349","506","1728"
"81","-137","-378","509","1728"
"82","-112","-405","511","1728"
"83","-89","-430","513","1728"
"84","-68","-453","516","1728"
"85","-49","-473","517","1728"
"86","-32","-491","518","1728"
"87","-14","-508","517","1728"
"88","2","-520","513","1728"
"89","17","-528","507","1728"
"90","30","-534","501","1728"
"91","43","-538","492","1728"
"92","59","-541","479","1728"
"93","74","-539","462","1728"
"94","90","-534","441","1728"
"95","109","-527","415","1728"
"96","126","-516","386","1728"
"97","145","-505","355","1728"
"98","167","-493","322","1728"
"99","190","-481","287","1728"
"100","212","-467","250","1728"
"101","235","-451","212","1728"
"102","257","-435","173","1728"
"103","280","-420","135","1728"
"104","300","-406","101","1728"
"105","318","-393","70","1728"
"106","335","-381","40","1728"
"107","350","-369","14","1728"
"108","365","-359","-12","1728"
"109","377","-348","-35","1728"
"110","383","-336","-53","1728"
"111","387","-325","-68","1728"
"112","391","-314","-84","1728"
"113","396","-301","-101","1728"
"114","398","-288","-118","1728"
"115","400","-273","-134","1728"
"116","401","-257","-151","1728"
"117","399","-240","-166","1728"
"118","398","-222","-183","1728"
"119","399","-202","-205","1728"
"120","398","-180","-227","1728"
"121","396","-157","-248","1728"
"122","394","-134","-269","1728"
"123","390","-108","-291","1728"
"124","386","-82","-313","1728"
"125","381","-57","-333","1728"
"126","377","-37","-350","1728"
"127","373","-18","-365","1728"
"128","368","-1","-378","1728"
"129","364","17","-392","1728"
"130","359","33","-404","1728"
"131","352","48","-412","1728"
"132","345","61","-417","1728"
"133","338","72","-422","1728"
"134","330","87","-429","1728"
"135","319","104","-436","1728"
"136","307","122","-443","1728"
"137","293","144","-449","1728"
"138","274","168","-456","1728"
"139","255","192","-461","1728"
"140","236","220","-469","1728"
"141","214","250","-478","1728"
"142","190","282","-486","1728"
"143","165","312","-492","1728"
"144","140","341","-497","1728"
"145","114","370","-500","1728"
"146","87","398","-501","1728"
"147","64","422","-502","1728"
"148","43","445","-504","1728"
"149","24","464","-505","1728"
"150","6","482","-505","1728"
"151","-12","498","-504","1728"
"152","-29","511","-500","1728"
"153","-43","517","-492","1728"
"154","-55","522","-485","1728"
"155","-67","525","-476","1728"
"156","-82","526","-462","1728"
"157","-97","523","-444","1728"
"158","-113","519","-423","1728"
"159","-131","511","-398","1728"
"160","-148","499","-369","1728"
"161","-166","486","-337","1728"
"162","-188","473","-304","1728"
"163","-210","460","-268","1728"
"164","-232","445","-231","1728"
"165","-254","430","-193","1728"
"166","-277","413","-153","1728"
"167","-299","397","-114","1728"
"168","-319","381","-78","1728"
"169","-336","367","-47","1728"
"170","-352","355","-19","1728"
"171","-366","342","8","1728"
"172","-380","331","34","1728"
"173","-391","320","56","1728"
"174","-397","307","75","1728"
"175","-398","295","88","1728"
"176","-401","284","102","1728"
"177","-404","271","119","1728"
"178","-407","257","135","1728"
"179","-407","243","151","1728"
"180","-407","226","167","1728"
"181","-405","209","182","1728"
"182","-402","191","198","1728"
"183","-402","171","218","1728"
"184","-402","149","239","1728"
"185","-400","127","260","1728"
"186","-396","103","280","1728"
"187","-392","79","301","1728"
"188","-388","53","323","1728"
"189","-382","29","342","1728"
"190","-378","8","358","1728"
"191","-374","-9","372","1728"
"192","-369","-26","384","1728"
"193","-364","-42","396","1728"
"194","-360","-58","407","1728"
"195","-353","-72","414","1728"
"196","-345","-84","419","1728"
"197","-337","-95","423","1728"
"198","-330","-109","429","1728"
"199","-319","-125","436","1728"
"200","-307","-142","441","1728"
"201","-293","-163","448","1728"
"202","-277","-186","454","1728"
"203","-258","-210","460","1728"
"204","-239","-236","468","1728"
"205","-218","-266","476","1728"
"206","-194","-297","484","1728"
"207","-170","-327","490","1728"
"208","-146","-355","495","1728"
"209","-120","-384","498","1728"
"210","-94","-411","500","1728"
"211","-71","-435","501","1728"
"212","-50","-457","503","1728"
"213","-32","-476","503","1728"
"214","-15","-492","503","1728"
"215","2","-509","503","1728"
"216","18","-522","500","1728"
"217","32","-530","493","1728"
"218","44","-533","485","1728"
"219","57","-536","476","1728"
"220","71","-538","464","1728"
"221","86","-536","447","1728"
"222","102","-532","427","1728"
"223","119","-524","402","1728"
"224","137","-513","373","1728"
"225","155","-501","343","1728"
"226","176","-488","309","1728"
"227","198","-475","274","1728"
"228","219","-462","238","1728"
"229","241","-447","201","1728"
"230","264","-432","163","1728"
"231","286","-416","125","1728"
"232","306","-401","90","1728"
"233","323","-388","60","1728"
"234","338","-376","32","1728"
"235","353","-364","6","1728"
"236","367","-354","-19","1728"
"237","380","-344","-42","1728"
"238","387","-332","-61","1728"
"239","389","-321","-75","1728"
"240","392","-310","-89","1728"
"241","397","-298","-106","1728"
"242","400","-284","-123","1728"
"243","401","-270","-139","1728"
"244","402","-254","-156","1728"
"245","401","-237","-171","1728"
"246","399","-220","-188","1728"
"247","400","-200","-208","1728"
"248","400","-179","-230","1728"
"249","398","-156","-251","1728"
"250","395","-132","-272","1728"
"251","392","-108","-293","1728"
"252","388","-82","-315","1728"
"253","384","-58","-335","1728"
"254","380","-37","-352","1728"
"255","376","-19","-367","1728"
"256","371","-3","-379","1728"
"257","367","14","-392","1728"
"258","363","31","-404","1728"
"259","357","45","-413","1728"
"260","349","58","-419","1728"
"261","342","70","-424","1728"
"262","334","85","-431","1728"
"263","325","102","-439","1728"
"264","313","120","-445","1728"
"265","298","141","-452","1728"
"266","281","166","-460","1728"
"267","262","191","-466","1728"
"268","243","218","-475","1728"
"269","222","248","-484","1728"
"270","198","280","-492","1728"
"271","173","311","-499","1728"
"272","149","340","-504","1728"
"273","124","369","-508","1728"
"274","98","396","-510","1728"
"275","75","421","-512","1728"
"276","54","444","-515","1728"
"277","36","464","-516","1728"
"278","19","480","-517","1728"
"279","2","497","-517","1728"
"280","-14","510","-514","1728"
"281","-29","519","-508","1728"
"282","-42","524","-501","1728"
"283","-54","528","-492","1728"
"284","-69","529","-479","1728"
"285","-84","528","-462","1728"
"286","-100","523","-442","1728"
"287","-118","517","-417","1728"
"288","-136","506","-388","1728"
"289","-155","494","-357","1728"
"290","-176","482","-324","1728"
"291","-198","469","-289","1728"
"292","-220","455","-253","1728"
"293","-243","440","-215","1728"
"294","-265","425","-177","1728"
"295","-287","410","-140","1728"
"296","-308","395","-105","1728"
"297","-325","382","-73","1728"
"298","-342","370","-45","1728"
"299","-356","359","-19","1728"
"300","-371","349","6","1728"
"301","-384","338","29","1728"
"302","-392","327","50","1728"
"303","-396","315","65","1728"
"304","-399","304","79","1728"
"305","-404","293","97","1728"
"306","-408","280","114","1728"
"307","-410","265","130","1728"
"308","-412","249","148","1728"
"309","-411","232","165","1728"
"310","-409","214","181","1728"
"311","-410","195","201","1728"
"312","-411","173","224","1728"
"313","-410","151","246","1728"
"314","-408","127","268","1728"
"315","-404","103","289","1728"
"316","-401","78","310","1728"
"317","-396","54","330","1728"
"318","-392","33","348","1728"
"319","-389","14","364","1728"
"320","-385","-3","377","1728"
"321","-381","-20","390","1728"
"322","-378","-36","403","1728"
"323","-372","-51","412","1728"
"324","-365","-65","419","1728"
"325","-358","-77","425","1728"
"326","-351","-92","432","1728"
"327","-341","-109","440","1728"
"328","-329","-128","448","1728"
"329","-315","-150","456","1728"
"330","-297","-175","463","1728"
"331","-278","-201","470","1728"
"332","-258","-228","478","1728"
"333","-237","-259","488","1728"
"334","-213","-291","496","1728"
"335","-188","-322","503","1728"
"336","-163","-352","508","1728"
"337","-137","-380","511","1728"
"338","-112","-408","514","1728"
"339","-88","-432","515","1728"
"340","-67","-455","517","1728"
"341","-48","-476","519","1728"
"342","-31","-493","520","1728"
"343","-15","-509","520","1728"
"344","2","-523","517","1728"
"345","17","-532","510","1728"
"346","31","-537","502","1728"
"347","44","-541","493","1728"
"348","58","-543","481","1728"
"349","74","-542","464","1728"
"350","90","-537","444","1728"
"351","109","-531","419","1728"
"352","128","-520","389","1728"
"353","147","-507","357","1728"
"354","167","-495","324","1728"
"355","190","-483","288","1728"
"356","213","-469","252","1728"
"357","235","-453","214","1728"
"358","258","-438","176","1728"
"359","280","-423","138","1728"
"360","301","-408","102","1728"
"361","319","-394","71","1728"
"362","335","-383","42","1728"
"363","350","-371","15","1728"
"364","364","-360","-10","1728"
"365","377","-350","-33","1728"
"366","385","-338","-53","1728"
"367","388","-326","-69","1728"
"368","391","-315","-83","1728"
"369","395","-303","-99","1728"
"370","398","-289","-117","1728"
"371","400","-274","-133","1728"
"372","401","-259","-150","1728"
"373","400","-241","-167","1728"
"374","398","-222","-183","1728"
"375","398","-202","-203","1728"
"376","398","-180","-226","1728"
"377","396","-157","-248","1728"
"378","393","-133","-269","1728"
"379","390","-108","-291","1728"
"380","385","-83","-312","1728"
"381","380","-57","-333","1728"
"382","375","-35","-351","1728"
"383","372","-16","-366","1728"
"384","368","1","-379","1728"
"385","363","17","-391","1728"
"386","358","34","-403","1728"
"387","352","49","-413","1728"
"388","344","63","-418","1728"
"389","336","76","-423","1728"
"390","328","89","-429","1728"
"391","317","106","-436","1728"
"392","305","125","-442","1728"
"393","291","146","-450","1728"
"394","273","171","-457","1728"
"395","253","196","-463","1728"
"396","233","223","-469","1728"
"397","211","252","-478","1728"
"398","187","284","-486","1728"
"399","162","315","-492","1728"
"400","137","344","-497","1728"
"401","112","372","-500","1728"
"402","85","400","-501","1728"
"403","60","425","-502","1728"
"404","39","447","-503","1728"
"405","20","467","-505","1728"
"406","3","483","-504","1728"
"407","-14","499","-503","1728"
"408","-30","513","-500","1728"
"409","-46","520","-493","1728"
"410","-59","524","-484","1728"
"411","-70","526","-474","1728"
"412","-84","527","-461","1728"
"413","-99","525","-443","1728"
"414","-115","519","-422","1728"
"415","-132","513","-398","1728"
"416","-151","501","-368","1728"
"417","-168","487","-337","1728"
"418","-189","474","-303","1728"
"419","-211","460","-266","1728"
"420","-233","445","-229","1728"
"421","-255","430","-192","1728"
"422","-278","414","-153","1728"
"423","-300","397","-114","1728"
"424","-321","381","-77","1728"
"425","-338","366","-45","1728"
"426","-352","354","-18","1728"
"427","-365","342","8","1728"
"428","-379","331","32","1728"
"429","-391","320","56","1728"
"430","-398","308","76","1728"
"431","-400","294","91","1728"
"432","-400","282","103","1728"
"433","-403","270","118","1728"
"434","-405","256","134","1728"
"435","-406","242","150","1728"
"436","-407","226","167","1728"
"437","-405","209","183","1728"
"438","-402","190","198","1728"
"439","-400","171","217","1728"
"440","-400","148","238","1728"
"441","-398","125","261","1728"
"442","-395","102","281","1728"
"443","-391","78","301","1728"
"444","-386","53","322","1728"
"445","-381","28","342","1728"
"446","-376","6","358","1728"
"447","-372","-12","372","1728"
"448","-368","-27","384","1728"
"449","-363","-43","395","1728"
"450","-358","-58","406","1728"
"451","-352","-73","415","1728"
"452","-344","-86","420","1728"
"453","-336","-98","424","1728"
"454","-328","-110","429","1728"
"455","-318","-127","435","1728"
"456","-306","-145","441","1728"
"457","-293","-164","448","1728"
"458","-276","-187","455","1728"
"459","-257","-213","462","1728"
"460","-237","-239","469","1728"
"461","-216","-268","477","1728"
"462","-193","-298","484","1728"
"463","-168","-329","491","1728"
"464","-144","-358","496","1728"
"465","-120","-385","499","1728"
"466","-94","-413","501","1728"
"467","-69","-438","502","1728"
"468","-48","-460","503","1728"
"469","-30","-479","505","1728"
"470","-14","-495","505","1728"
"471","2","-510","504","1728"
"472","18","-524","502","1728"
"473","33","-532","496","1728"
"474","47","-537","487","1728"
"475","58","-539","478","1728"
"476","71","-540","465","1728"
"477","87","-538","449","1728"
"478","102","-534","428","1728"
"479","119","-527","404","1728"
"480","138","-516","375","1728"
"481","156","-504","344","1728"
"482","176","-491","311","1728"
"483","198","-477","275","1728"
"484","220","-463","239","1728"
"485","242","-449","203","1728"
"486","264","-434","166","1728"
"487","286","-419","128","1728"
"488","307","-404","92","1728"
"489","324","-390","61","1728"
"490","340","-378","33","1728"
"491","353","-366","8","1728"
"492","366","-356","-16","1728"
"493","380","-346","-39","1728"
"494","388","-335","-60","1728"
"495","392","-322","-76","1728"
"496","393","-311","-89","1728"
"497","397","-300","-104","1728"
"498","400","-286","-121","1728"
"499","402","-272","-137","1728"
"500","403","-256","-154","1728"
"501","402","-239","-171","1728"
"502","401","-221","-188","1728"
"503","400","-202","-206","1728"
"504","400","-180","-228","1728"
"505","399","-157","-250","1728"
"506","397","-134","-272","1728"
"507","394","-110","-293","1728"
"508","390","-86","-313","1728"
"509","385","-61","-334","1728"
"510","381","-39","-352","1728"
"511","377","-20","-367","1728"
"512","373","-4","-379","1728"
"513","369","14","-394","1728"
"514","364","30","-405","1728"
"515","358","44","-413","1728"
"516","352","55","-418","1728"
"517","346","67","-424","1728"
"518","338","83","-432","1728"
"519","328","99","-440","1728"
"520","316","118","-446","1728"
"521","300","140","-453","1728"
"522","283","163","-459","1728"
"523","266","188","-467","1728"
"524","247","215","-476","1728"
"525","225","246","-485","1728"
"526","201","278","-493","1728"
"527","177","308","-499","1728"
"528","152","337","-505","1728"
"529","126","366","-508","1728"
"530","101","394","-510","1728"
"531","78","418","-513","1728"
"532","57","442","-515","1728"
"533","39","461","-517","1728"
"534","22","479","-518","1728"
"535","4","495","-517","1728"
"536","-12","508","-513","1728"
"537","-27","516","-508","1728"
"538","-39","522","-501","1728"
"539","-52","526","-493","1728"
"540","-67","529","-480","1728"
"541","-82","527","-463","1728"
"542","-99","522","-442","1728"
"543","-117","515","-417","1728"
"544","-134","504","-388","1728"
"545","-153","492","-357","1728"
"546","-175","481","-324","1728"
"547","-197","468","-289","1728"
"548","-219","454","-253","1728"
"549","-241","438","-215","1728"
"550","-264","423","-176","1728"
"551","-286","408","-139","1728"
"552","-306","394","-105","1728"
"553","-324","381","-74","1728"
"554","-341","369","-45","1728"
"555","-356","358","-18","1728"
"556","-371","348","8","1728"
"557","-383","336","31","1728"
"558","-389","325","49","1728"
"559","-394","315","64","1728"
"560","-399","304","80","1728"
"561","-405","292","98","1728"
"562","-408","279","115","1728"
"563","-410","264","131","1728"
"564","-410","248","148","1728"
"565","-409","231","164","1728"
"566","-409","214","181","1728"
"567","-411","194","203","1728"
"568","-411","173","225","1728"
"569","-410","150","246","1728"
"570","-407","127","267","1728"
"571","-404","103","289","1728"
"572","-400","77","311","1728"
"573","-396","54","330","1728"
"574","-393","33","348","1728"
"575","-389","14","363","1728"
"576","-385","-3","377","1728"
"577","-382","-20","391","1728"
"578","-378","-36","403","1728"
"579","-371","-50","411","1728"
"580","-365","-63","418","1728"
"581","-359","-75","424","1728"
"582","-351","-91","432","1728"
"583","-342","-108","440","1728"
"584","-329","-127","447","1728"
"585","-314","-149","454","1728"
"586","-297","-173","461","1728"
"587","-279","-198","468","1728"
"588","-260","-226","478","1728"
"589","-237","-257","487","1728"
"590","-213","-289","495","1728"
"591","-188","-320","501","1728"
"592","-163","-349","506","1728"
"593","-137","-378","509","1728"
"594","-112","-405","511","1728"
"595","-89","-430","513","1728"
"596","-68","-453","516","1728"
"597","-49","-473","517","1728"
"598","-32","-491","518","1728"
"599","-14","-508","517","1728"
"600","2","-520","513","1728"
"601","17","-528","507","1728"
"602","30","-534","501","1728"
"603","43","-538","492","1728"
"604","59","-541","479","1728"
"605","74","-539","462","1728"
"606","90","-534","441","1728"
"607","109","-527","415","1728"
"608","126","-516","386","1728"
"609","145","-505","355","1728"
"610","167","-493","322","1728"
"611","190","-481","287","1728"
"612","212","-467","250","1728"
"613","235","-451","212","1728"
"614","257","-435","173","1728"
"615","280","-420","135","1728"
"616","300","-406","101","1728"
"617","318","-393","70","1728"
"618","335","-381","40","1728"
"619","350","-369","14","1728"
"620","365","-359","-12","1728"
"621","377","-348","-35","1728"
"622","383","-336","-53","1728"
"623","387","-325","-68","1728"
"624","391","-314","-84","1728"
"625","396","-301","-101","1728"
"626","398","-288","-118","1728"
"627","400","-273","-134","1728"
"628","401","-257","-151","1728"
"629","399","-240","-166","1728"
"630","398","-222","-183","1728"
"631","399","-202","-205","1728"
"632","398","-180","-227","1728"
"633","396","-157","-248","1728"
"634","394","-134","-269","1728"
"635","390","-108","-291","1728"
"636","386","-82","-313","1728"
"637","381","-57","-333","1728"
"638","377","-37","-350","1728"
"639","373","-18","-365","1728"
"640","368","-1","-378","1728"
"641","364","17","-392","1728"
"642","359","33","-404","1728"
"643","352","48","-412","1728"
"644","345","61","-417","1728"
"645","338","72","-422","1728"
"646","330","87","-429","1728"
"647","319","104","-436","1728"
"648","307","122","-443","1728"
"649","293","144","-449","1728"
"650","274","168","-456","1728"
"651","255","192","-461","1728"
"652","236","220","-469","1728"
"653","214","250","-478","1728"
"654","190","282","-486","1728"
"655","165","312","-492","1728"
"656","140","341","-497","1728"
"657","114","370","-500","1728"
"658","87","398","-501","1728"
"659","64","422","-502","1728"
"660","43","445","-504","1728"
"661","24","464","-505","1728"
"662","6","482","-505","1728"
"663","-12","498","-504","1728"
"664","-29","511","-500","1728"
"665","-43","517","-492","1728"
"666","-55","522","-485","1728"
"667","-67","525","-476","1728"
"668","-82","526","-462","1728"
"669","-97","523","-444","1728"
"670","-113","519","-423","1728"
"671","-131","511","-398","1728"
"672","-148","499","-369","1728"
"673","-166","486","-337","1728"
"674","-188","473","-304","1728"
"675","-210","460","-268","1728"
"676","-232","445","-231","1728"
"677","-254","430","-193","1728"
"678","-277","413","-153","1728"
"679","-299","397","-114","1728"
"680","-319","381","-78","1728"
"681","-336","367","-47","1728"
"682","-352","355","-19","1728"
"683","-366","342","8","1728"
"684","-380","331","34","1728"
"685","-391","320","56","1728"
"686","-397","307","75","1728"
"687","-398","295","88","1728"
"688","-401","284","102","1728"
"689","-404","271","119","1728"
"690","-407","257","135","1728"
"691","-407","243","151","1728"
"692","-407","226","167","1728"
"693","-405","209","182","1728"
"694","-402","191","198","1728"
"695","-402","171","218","1728"
"696","-402","149","239","1728"
"697","-400","127","260","1728"
"698","-396","103","280","1728"
"699","-392","79","301","1728"
"700","-388","53","323","1728"
"701","-382","29","342","1728"
"702","-378","8","358","1728"
"703","-374","-9","372","1728"
"704","-369","-26","384","1728"
"705","-364","-42","396","1728"
"706","-360","-58","407","1728"
"707","-353","-72","414","1728"
"708","-345","-84","419","1728"
"709","-337","-95","423","1728"
"710","-330","-109","429","1728"
"711","-319","-125","436","1728"
"712","-307","-142","441","1728"
"713","-293","-163","448","1728"
"714","-277","-186","454","1728"
"715","-258","-210","460","1728"
"716","-239","-236","468","1728"
"717","-218","-266","476","1728"
"718","-194","-297","484","1728"
"719","-170","-327","490","1728"
"720","-146","-355","495","1728"
"721","-120","-384","498","1728"
"722","-94","-411","500","1728"
"723","-71","-435","501","1728"
"724","-50","-457","503","1728"
"725","-32","-476","503","1728"
"726","-15","-492","503","1728"
"727","2","-509","503","1728"
"728","18","-522","500","1728"
"729","32","-530","493","1728"
"730","44","-533","485","1728"
"731","57","-536","476","1728"
"732","71","-538","464","1728"
"733","86","-536","447","1728"
"734","102","-532","427","1728"
"735","119","-524","402","1728"
"736","137","-513","373","1728"
"737","155","-501","343","1728"
"738","176","-488","309","1728"
"739","198","-475","274","1728"
"740","219","-462","238","1728"
"741","241","-447","201","1728"
"742","264","-432","163","1728"
"743","286","-416","125","1728"
"744","306","-401","90","1728"
"745","323","-388","60","1728"
"746","338","-376","32","1728"
"747","353","-364","6","1728"
"748","367","-354","-19","1728"
"749","380","-344","-42","1728"
"750","387","-332","-61","1728"
"751","389","-321","-75","1728"
"752","392","-310","-89","1728"
"753","397","-298","-106","1728"
"754","400","-284","-123","1728"
"755","401","-270","-139","1728"
"756","402","-254","-156","1728"
"757","401","-237","-171","1728"
"758","399","-220","-188","1728"
"759","400","-200","-208","1728"
"760","400","-179","-230","1728"
"761","398","-156","-251","1728"
"762","395","-132","-272","1728"
"763","392","-108","-293","1728"
"764","388","-82","-315","1728"
"765","384","-58","-335","1728"
"766","380","-37","-352","1728"
"767","376","-19","-367","1728"
"768","371","-3","-379","1728"
"769","367","14","-392","1728"
"770","363","31","-404","1728"
"771","357","45","-413","1728"
"772","349","58","-419","1728"
"773","342","70","-424","1728"
"774","334","85","-431","1728"
"775","325","102","-439","1728"
"776","313","120","-445","1728"
"777","298","141","-452","1728"
"778","281","166","-460","1728"
"779","262","191","-466","1728"
"780","243","218","-475","1728"
"781","222","248","-484","1728"
"782","198","280","-492","1728"
"783","173","311","-499","1728"
"784","149","340","-504","1728"
"785","124","369","-508","1728"
"786","98","396","-510","1728"
"787","75","421","-512","1728"
"788","54","444","-515","1728"
"789","36","464","-516","1728"
"790","19","480","-517","1728"
"791","2","497","-517","1728"
"792","-14","510","-514","1728"
"793","-29","519","-508","1728"
"794","-42","524","-501","1728"
"795","-54","528","-492","1728"
"796","-69","529","-479","1728"
"797","-84","528","-462","1728"
"798","-100","523","-442","1728"
"799","-118","517","-417","1728"
"800","-136","506","-388","1728"
"801","-155","494","-357","1728"
"802","-176","482","-324","1728"
"803","-198","469","-289","1728"
"804","-220","455","-253","1728"
"805","-243","440","-215","1728"
"806","-265","425","-177","1728"
"807","-287","410","-140","1728"
"808","-308","395","-105","1728"
"809","-325","382","-73","1728"
"810","-342","370","-45","1728"
"811","-356","359","-19","1728"
"812","-371","349","6","1728"
"813","-384","338","29","1728"
"814","-392","327","50","1728"
"815","-396","315","65","1728"
"816","-399","304","79","1728"
"817","-404","293","97","1728"
"818","-408","280","114","1728"
"819","-410","265","130","1728"
"820","-412","249","148","1728"
"821","-411","232","165","1728"
"822","-409","214","181","1728"
"823","-410","195","201","1728"
"824","-411","173","224","1728"
"825","-410","151","246","1728"
"826","-408","127","268","1728"
"827","-404","103","289","1728"
"828","-401","78","310","1728"
"829","-396","54","330","1728"
"830","-392","33","348","1728"
"831","-389","14","364","1728"
"832","-385","-3","377","1728"
"833","-381","-20","390","1728"
"834","-378","-36","403","1728"
"835","-372","-51","412","1728"
"836","-365","-65","419","1728"
"837","-358","-77","425","1728"
"838","-351","-92","432","1728"
"839","-341","-109","440","1728"
"840","-329","-128","448","1728"
"841","-315","-150","456","1728"
"842","-297","-175","463","1728"
"843","-278","-201","470","1728"
"844","-258","-228","478","1728"
"845","-237","-259","488","1728"
"846","-213","-291","496","1728"
"847","-188","-322","503","1728"
"848","-163","-352","508","1728"
"849","-137","-380","511","1728"
"850","-112","-408","514","1728"
"851","-88","-432","515","1728"
"852","-67","-455","517","1728"
"853","-48","-476","519","1728"
"854","-31","-493","520","1728"
"855","-15","-509","520","1728"
"856","2","-523","517","1728"
"857","17","-532","510","1728"
"858","31","-537","502","1728"
"859","44","-541","493","1728"
"860","58","-543","481","1728"
"861","74","-542","464","1728"
"862","90","-537","444","1728"
"863","109","-531","419","1728"
"864","128","-520","389","1728"
"865","147","-507","357","1728"
"866","167","-495","324","1728"
"867","190","-483","288","1728"
"868","213","-469","252","1728"
"869","235","-453","214","1728"
"870","258","-438","176","1728"
"871","280","-423","138","1728"
"872","301","-408","102","1728"
"873","319","-394","71","1728"
"874","335","-383","42","1728"
"875","350","-371","15","1728"
"876","364","-360","-10","1728"
"877","377","-350","-33","1728"
"878","385","-338","-53","1728"
"879","388","-326","-69","1728"
"880","391","-315","-83","1728"
"881","395","-303","-99","1728"
"882","398","-289","-117","1728"
"883","400","-274","-133","1728"
"884","401","-259","-150","1728"
"885","400","-241","-167","1728"
"886","398","-222","-183","1728"
"887","398","-202","-203","1728"
"888","398","-180","-226","1728"
"889","396","-157","-248","1728"
"890","393","-133","-269","1728"
"891","390","-108","-291","1728"
"892","385","-83","-312","1728"
"893","380","-57","-333","1728"
"894","375","-35","-351","1728"
"895","372","-16","-366","1728"
"896","368","1","-379","1728"
"897","363","17","-391","1728"
"898","358","34","-403","1728"
"899","352","49","-413","1728"
"900","344","63","-418","1728"
"901","336","76","-423","1728"
"902","328","89","-429","1728"
"903","317","106","-436","1728"
"904","305","125","-442","1728"
"905","291","146","-450","1728"
"906","273","171","-457","1728"
"907","253","196","-463","1728"
"908","233","223","-469","1728"
"909","211","252","-478","1728"
"910","187","284","-486","1728"
"911","162","315","-492","1728"
"912","137","344","-497","1728"
"913","112","372","-500","1728"
"914","85","400","-501","1728"
"915","60","425","-502","1728"
"916","39","447","-503","1728"
"917","20","467","-505","1728"
"918","3","483","-504","1728"
"919","-14","499","-503","1728"
"920","-30","513","-500","1728"
"921","-46","520","-493","1728"
"922","-59","524","-484","1728"
"923","-70","526","-474","1728"
"924","-84","527","-461","1728"
"925","-99","525","-443","1728"
"926","-115","519","-422","1728"
"927","-132","513","-398","1728"
"928","-151","501","-368","1728"
"929","-168","487","-337","1728"
"930","-189","474","-303","1728"
"931","-211","460","-266","1728"
"932","-233","445","-229","1728"
"933","-255","430","-192","1728"
"934","-278","414","-153","1728"
"935","-300","397","-114","1728"
"936","-321","381","-77","1728"
"937","-338","366","-45","1728"
"938","-352","354","-18","1728"
"939","-365","342","8","1728"
"940","-379","331","32","1728"
"941","-391","320","56","1728"
"942","-398","308","76","1728"
"943","-400","294","91","1728"
"944","-400","282","103","1728"
"945","-403","270","118","1728"
"946","-405","256","134","1728"
"947","-406","242","150","1728"
"948","-407","226","167","1728"
"949","-405","209","183","1728"
"950","-402","190","198","1728"
"951","-400","171","217","1728"
"952","-400","148","238","1728"
"953","-398","125","261","1728"
"954","-395","102","281","1728"
"955","-391","78","301","1728"
"956","-386","53","322","1728"
"957","-381","28","342","1728"
"958","-376","6","358","1728"
"959","-372","-12","372","1728"
"960","-368","-27","384","1728"
"961","-363","-43","395","1728"
"962","-358","-58","406","1728"
"963","-352","-73","415","1728"
"964","-344","-86","420","1728"
"965","-336","-98","424","1728"
"966","-328","-110","429","1728"
"967","-318","-127","435","1728"
"968","-306","-145","441","1728"
"969","-293","-164","448","1728"
"970","-276","-187","455","1728"
"971","-257","-213","462","1728"
"972","-237","-239","469","1728"
"973","-216","-268","477","1728"
"974","-193","-298","484","1728"
"975","-168","-329","491","1728"
"976","-144","-358","496","1728"
"977","-120","-385","499","1728"
"978","-94","-413","501","1728"
"979","-69","-438","502","1728"
"980","-48","-460","503","1728"
"981","-30","-479","505","1728"
"982","-14","-495","505","1728"
"983","2","-510","504","1728"
"984","18","-524","502","1728"
"985","33","-532","496","1728"
"986","47","-537","487","1728"
"987","58","-539","478","1728"
"988","71","-540","465","1728"
"989","87","-538","449","1728"
"990","102","-534","428","1728"
"991","119","-527","404","1728"
"992","138","-516","375","1728"
"993","156","-504","344","1728"
"994","176","-491","311","1728"
"995","198","-477","275","1728"
"996","220","-463","239","1728"
"997","242","-449","203","1728"
"998","264","-434","166","1728"
"999","286","-419","128","1728"
"1000","307","-404","92","1728"
"1001","324","-390","61","1728"
"1002","340","-378","33","1728"
"1003","353","-366","8","1728"
"1004","366","-356","-16","1728"
"1005","380","-346","-39","1728"
"1006","388","-335","-60","1728"
"1007","392","-322","-76","1728"
"1008","393","-311","-89","1728"
"1009","397","-300","-104","1728"
"1010","400","-286","-121","1728"
"1011","402","-272","-137","1728"
"1012","403","-256","-154","1728"
"1013","402","-239","-171","1728"
"1014","401","-221","-188","1728"
"1015","400","-202","-206","1728"
"1016","400","-180","-228","1728"
"1017","399","-157","-250","1728"
"1018","397","-134","-272","1728"
"1019","394","-110","-293","1728"
"1020","390","-86","-313","1728"
"1021","385","-61","-334","1728"
"1022","381","-39","-352","1728"
"1023","377","-20","-367","1728"
"1024","373","-4","-379","1728"
"1025","35","-542","503","1729"
"1026","49","-546","493","1729"
"1027","61","-546","481","1729"
"1028","75","-544","466","1729"
"1029","91","-540","447","1729"
"1030","108","-535","424","1729"
"1031","126","-526","396","1729"
"1032","146","-514","365","1729"
"1033","165","-501","332","1729"
"1034","187","-487","296","1729"
"1035","209","-473","260","1729"
"1036","231","-459","224","1729"
"1037","253","-444","187","1729"
"1038","274","-429","150","1729"
"1039","296","-415","114","1729"
"1040","316","-401","80","1729"
"1041","333","-388","50","1729"
"1042","346","-376","24","1729"
"1043","359","-366","2","1729"
"1044","371","-356","-21","1729"
"1045","382","-346","-42","1729"
"1046","389","-335","-61","1729"
"1047","393","-322","-78","1729"
"1048","395","-310","-92","1729"
"1049","397","-298","-106","1729"
"1050","401","-284","-123","1729"
"1051","403","-269","-141","1729"
"1052","404","-252","-159","1729"
"1053","402","-233","-177","1729"
"1054","401","-214","-195","1729"
"1055","401","-193","-216","1729"
"1056","401","-171","-239","1729"
"1057","400","-147","-261","1729"
"1058","397","-123","-283","1729"
"1059","393","-99","-303","1729"
"1060","389","-75","-323","1729"
"1061","385","-51","-343","1729"
"1062","381","-31","-361","1729"
"1063","377","-13","-374","1729"
"1064","374","1","-385","1729"
"1065","369","17","-397","1729"
"1066","365","32","-408","1729"
"1067","359","47","-417","1729"
"1068","352","61","-424","1729"
"1069","343","76","-431","1729"
"1070","334","91","-437","1729"
"1071","323","109","-444","1729"
"1072","310","130","-453","1729"
"1073","294","154","-461","1729"
"1074","275","180","-469","1729"
"1075","254","209","-477","1729"
"1076","233","238","-485","1729"
"1077","210","269","-493","1729"
"1078","185","301","-501","1729"
"1079","160","332","-507","1729"
"1080","135","361","-512","1729"
"1081","111","388","-515","1729"
"1082","87","414","-517","1729"
"1083","63","439","-519","1729"
"1084","43","459","-520","1729"
"1085","26","478","-521","1729"
"1086","11","493","-521","1729"
"1087","-5","507","-520","1729"
"1088","-20","519","-517","1729"
"1089","-35","526","-510","1729"
"1090","-49","530","-499","1729"
"1091","-62","531","-487","1729"
"1092","-76","530","-472","1729"
"1093","-92","526","-452","1729"
"1094","-110","520","-429","1729"
"1095","-128","512","-402","1729"
"1096","-149","500","-370","1729"
"1097","-169","487","-336","1729"
"1098","-191","473","-300","1729"
"1099","-213","458","-263","1729"
"1100","-235","444","-227","1729"
"1101","-258","430","-189","1729"
"1102","-280","415","-152","1729"
"1103","-301","400","-116","1729"
"1104","-322","386","-81","1729"
"1105","-339","373","-51","1729"
"1106","-353","362","-25","1729"
"1107","-365","351","-2","1729"
"1108","-378","341","21","1729"
"1109","-389","331","43","1729"
"1110","-396","320","61","1729"
"1111","-400","307","78","1729"
"1112","-402","295","92","1729"
"1113","-405","282","108","1729"
"1114","-408","268","125","1729"
"1115","-410","253","142","1729"
"1116","-410","236","160","1729"
"1117","-409","217","179","1729"
"1118","-408","197","197","1729"
"1119","-407","176","218","1729"
"1120","-406","152","241","1729"
"1121","-405","128","263","1729"
"1122","-402","104","285","1729"
"1123","-398","80","306","1729"
"1124","-393","56","325","1729"
"1125","-389","31","346","1729"
"1126","-384","9","363","1729"
"1127","-379","-8","377","1729"
"1128","-376","-23","388","1729"
"1129","-372","-38","399","1729"
"1130","-367","-54","410","1729"
"1131","-361","-68","419","1729"
"1132","-353","-83","426","1729"
"1133","-343","-98","431","1729"
"1134","-333","-113","436","1729"
"1135","-322","-131","443","1729"
"1136","-309","-152","451","1729"
"1137","-293","-175","460","1729"
"1138","-274","-201","467","1729"
"1139","-253","-229","474","1729"
"1140","-232","-258","482","1729"
"1141","-208","-288","489","1729"
"1142","-183","-320","496","1729"
"1143","-158","-351","502","1729"
"1144","-133","-380","506","1729"
"1145","-109","-406","508","1729"
"1146","-84","-431","510","1729"
"1147","-59","-456","511","1729"
"1148","-39","-477","511","1729"
"1149","-22","-494","511","1729"
"1150","-7","-509","511","1729"
"1151","9","-522","509","1729"
"1152","25","-534","505","1729"
"1153","39","-540","497","1729"
"1154","53","-543","487","1729"
"1155","66","-543","474","1729"
"1156","80","-541","458","1729"
"1157","96","-537","438","1729"
"1158","113","-531","415","1729"
"1159","131","-522","387","1729"
"1160","150","-509","355","1729"
"1161","170","-496","322","1729"
"1162","192","-482","286","1729"
"1163","215","-467","248","1729"
"1164","237","-453","211","1729"
"1165","259","-438","174","1729"
"1166","280","-421","136","1729"
"1167","301","-405","99","1729"
"1168","322","-391","63","1729"
"1169","340","-377","32","1729"
"1170","353","-365","6","1729"
"1171","364","-354","-16","1729"
"1172","374","-343","-38","1729"
"1173","384","-332","-59","1729"
"1174","391","-320","-77","1729"
"1175","394","-307","-94","1729"
"1176","394","-294","-107","1729"
"1177","395","-281","-121","1729"
"1178","396","-266","-138","1729"
"1179","398","-250","-155","1729"
"1180","398","-234","-172","1729"
"1181","396","-214","-190","1729"
"1182","394","-194","-208","1729"
"1183","392","-173","-228","1729"
"1184","390","-149","-250","1729"
"1185","389","-124","-273","1729"
"1186","386","-100","-295","1729"
"1187","381","-76","-314","1729"
"1188","375","-52","-333","1729"
"1189","370","-26","-354","1729"
"1190","364","-4","-371","1729"
"1191","360","13","-384","1729"
"1192","355","27","-393","1729"
"1193","350","41","-402","1729"
"1194","344","56","-412","1729"
"1195","338","70","-420","1729"
"1196","329","84","-426","1729"
"1197","319","99","-430","1729"
"1198","309","112","-434","1729"
"1199","298","129","-439","1729"
"1200","284","149","-446","1729"
"1201","269","171","-454","1729"
"1202","250","197","-460","1729"
"1203","229","224","-467","1729"
"1204","208","252","-474","1729"
"1205","185","282","-481","1729"
"1206","160","312","-487","1729"
"1207","135","342","-492","1729"
"1208","110","371","-497","1729"
"1209","86","397","-499","1729"
"1210","61","423","-500","1729"
"1211","37","448","-501","1729"
"1212","16","468","-501","1729"
"1213","0","484","-501","1729"
"1214","-14","497","-500","1729"
"1215","-29","509","-498","1729"
"1216","-44","520","-494","1729"
"1217","-58","527","-487","1729"
"1218","-72","530","-475","1729"
"1219","-85","529","-462","1729"
"1220","-97","525","-446","1729"
"1221","-112","520","-427","1729"
"1222","-128","514","-404","1729"
"1223","-146","505","-377","1729"
"1224","-165","493","-346","1729"
"1225","-184","479","-312","1729"
"1226","-205","464","-276","1729"
"1227","-227","448","-239","1729"
"1228","-248","434","-203","1729"
"1229","-270","419","-166","1729"
"1230","-291","403","-129","1729"
"1231","-311","388","-93","1729"
"1232","-331","373","-58","1729"
"1233","-349","360","-27","1729"
"1234","-361","347","-2","1729"
"1235","-371","337","19","1729"
"1236","-382","326","40","1729"
"1237","-392","316","61","1729"
"1238","-399","305","79","1729"
"1239","-402","291","96","1729"
"1240","-403","279","110","1729"
"1241","-403","266","122","1729"
"1242","-405","252","139","1729"
"1243","-407","238","156","1729"
"1244","-408","221","173","1729"
"1245","-407","202","191","1729"
"1246","-405","183","208","1729"
"1247","-403","162","228","1729"
"1248","-402","139","250","1729"
"1249","-400","116","272","1729"
"1250","-398","92","294","1729"
"1251","-394","68","314","1729"
"1252","-389","45","332","1729"
"1253","-384","21","351","1729"
"1254","-379","-1","369","1729"
"1255","-374","-18","382","1729"
"1256","-370","-32","392","1729"
"1257","-367","-45","401","1729"
"1258","-362","-60","412","1729"
"1259","-356","-75","421","1729"
"1260","-348","-89","428","1729"
"1261","-338","-105","433","1729"
"1262","-328","-119","438","1729"
"1263","-317","-135","444","1729"
"1264","-305","-156","452","1729"
"1265","-291","-179","461","1729"
"1266","-272","-205","468","1729"
"1267","-251","-233","476","1729"
"1268","-230","-262","484","1729"
"1269","-206","-292","491","1729"
"1270","-182","-323","498","1729"
"1271","-157","-353","503","1729"
"1272","-132","-382","508","1729"
"1273","-109","-408","511","1729"
"1274","-85","-434","513","1729"
"1275","-61","-458","515","1729"
"1276","-40","-479","515","1729"
"1277","-23","-496","515","1729"
"1278","-9","-510","515","1729"
"1279","5","-523","514","1729"
"1280","20","-535","511","1729"
"1281","35","-542","504","1729"
"1282","50","-547","493","1729"
"1283","63","-547","481","1729"
"1284","76","-544","466","1729"
"1285","91","-540","446","1729"
"1286","108","-534","424","1729"
"1287","126","-526","397","1729"
"1288","146","-514","365","1729"
"1289","166","-502","332","1729"
"1290","187","-488","297","1729"
"1291","210","-473","260","1729"
"1292","231","-459","223","1729"
"1293","253","-445","187","1729"
"1294","274","-430","151","1729"
"1295","295","-415","115","1729"
"1296","316","-402","81","1729"
"1297","334","-389","49","1729"
"1298","348","-377","23","1729"
"1299","359","-366","2","1729"
"1300","370","-357","-19","1729"
"1301","382","-347","-41","1729"
"1302","390","-336","-60","1729"
"1303","395","-324","-77","1729"
"1304","397","-311","-93","1729"
"1305","398","-299","-106","1729"
"1306","400","-285","-122","1729"
"1307","403","-270","-140","1729"
"1308","404","-254","-158","1729"
"1309","404","-235","-176","1729"
"1310","403","-215","-195","1729"
"1311","402","-195","-215","1729"
"1312","401","-172","-238","1729"
"1313","400","-148","-261","1729"
"1314","398","-124","-282","1729"
"1315","394","-100","-303","1729"
"1316","389","-77","-322","1729"
"1317","385","-54","-342","1729"
"1318","382","-32","-360","1729"
"1319","378","-13","-375","1729"
"1320","374","2","-386","1729"
"1321","370","15","-396","1729"
"1322","366","31","-407","1729"
"1323","361","45","-417","1729"
"1324","353","60","-425","1729"
"1325","344","76","-432","1729"
"1326","334","91","-438","1729"
"1327","324","108","-444","1729"
"1328","311","129","-452","1729"
"1329","295","153","-461","1729"
"1330","277","180","-470","1729"
"1331","255","209","-478","1729"
"1332","234","239","-486","1729"
"1333","211","269","-494","1729"
"1334","186","300","-501","1729"
"1335","161","331","-507","1729"
"1336","136","361","-512","1729"
"1337","112","388","-515","1729"
"1338","88","413","-518","1729"
"1339","65","438","-520","1729"
"1340","44","460","-520","1729"
"1341","26","478","-521","1729"
"1342","11","493","-521","1729"
"1343","-3","505","-520","1729"
"1344","-19","518","-517","1729"
"1345","-34","526","-511","1729"
"1346","-49","531","-500","1729"
"1347","-63","532","-487","1729"
"1348","-76","530","-472","1729"
"1349","-91","526","-452","1729"
"1350","-109","520","-429","1729"
"1351","-127","511","-402","1729"
"1352","-148","500","-370","1729"
"1353","-169","487","-337","1729"
"1354","-190","473","-301","1729"
"1355","-213","458","-263","1729"
"1356","-235","444","-226","1729"
"1357","-257","430","-190","1729"
"1358","-280","415","-152","1729"
"1359","-300","400","-117","1729"
"1360","-321","386","-82","1729"
"1361","-339","373","-50","1729"
"1362","-354","361","-23","1729"
"1363","-365","350","-1","1729"
"1364","-376","340","21","1729"
"1365","-388","330","42","1729"
"1366","-396","319","62","1729"
"1367","-401","307","79","1729"
"1368","-403","294","95","1729"
"1369","-404","281","109","1729"
"1370","-407","267","125","1729"
"1371","-409","252","143","1729"
"1372","-410","235","161","1729"
"1373","-410","216","180","1729"
"1374","-409","196","199","1729"
"1375","-407","175","219","1729"
"1376","-406","151","242","1729"
"1377","-404","127","264","1729"
"1378","-402","103","287","1729"
"1379","-398","78","308","1729"
"1380","-394","55","326","1729"
"1381","-389","31","346","1729"
"1382","-384","8","364","1729"
"1383","-379","-10","379","1729"
"1384","-375","-25","390","1729"
"1385","-371","-39","399","1729"
"1386","-366","-54","410","1729"
"1387","-361","-69","419","1729"
"1388","-354","-83","427","1729"
"1389","-344","-99","433","1729"
"1390","-333","-114","437","1729"
"1391","-321","-131","443","1729"
"1392","-308","-152","451","1729"
"1393","-294","-176","460","1729"
"1394","-275","-202","468","1729"
"1395","-254","-230","475","1729"
"1396","-232","-259","483","1729"
"1397","-208","-289","490","1729"
"1398","-183","-320","496","1729"
"1399","-158","-350","501","1729"
"1400","-133","-380","506","1729"
"1401","-108","-406","509","1729"
"1402","-85","-431","510","1729"
"1403","-61","-456","511","1729"
"1404","-39","-477","511","1729"
"1405","-21","-495","511","1729"
"1406","-6","-509","511","1729"
"1407","8","-521","509","1729"
"1408","24","-532","505","1729"
"1409","39","-540","498","1729"
"1410","53","-544","487","1729"
"1411","67","-544","474","1729"
"1412","79","-541","458","1729"
"1413","95","-536","438","1729"
"1414","112","-530","415","1729"
"1415","130","-521","388","1729"
"1416","150","-509","356","1729"
"1417","170","-496","322","1729"
"1418","191","-481","286","1729"
"1419","214","-466","248","1729"
"1420","237","-451","211","1729"
"1421","258","-437","174","1729"
"1422","279","-421","137","1729"
"1423","300","-405","100","1729"
"1424","320","-391","65","1729"
"1425","340","-377","32","1729"
"1426","354","-364","5","1729"
"1427","364","-353","-16","1729"
"1428","373","-343","-37","1729"
"1429","383","-332","-57","1729"
"1430","390","-321","-76","1729"
"1431","395","-308","-94","1729"
"1432","396","-294","-109","1729"
"1433","395","-281","-121","1729"
"1434","396","-267","-136","1729"
"1435","398","-252","-154","1729"
"1436","398","-235","-171","1729"
"1437","397","-216","-190","1729"
"1438","396","-196","-208","1729"
"1439","393","-175","-227","1729"
"1440","391","-151","-249","1729"
"1441","389","-126","-272","1729"
"1442","386","-101","-294","1729"
"1443","382","-77","-314","1729"
"1444","376","-54","-332","1729"
"1445","371","-30","-351","1729"
"1446","366","-7","-370","1729"
"1447","360","12","-384","1729"
"1448","356","27","-393","1729"
"1449","351","39","-401","1729"
"1450","345","53","-410","1729"
"1451","339","68","-418","1729"
"1452","331","82","-425","1729"
"1453","321","97","-430","1729"
"1454","310","112","-434","1729"
"1455","298","127","-438","1729"
"1456","285","147","-445","1729"
"1457","270","170","-452","1729"
"1458","252","195","-460","1729"
"1459","231","223","-467","1729"
"1460","209","251","-474","1729"
"1461","186","280","-481","1729"
"1462","161","311","-486","1729"
"1463","136","341","-492","1729"
"1464","111","370","-496","1729"
"1465","87","396","-499","1729"
"1466","64","421","-500","1729"
"1467","39","446","-502","1729"
"1468","17","467","-501","1729"
"1469","0","484","-500","1729"
"1470","-14","497","-500","1729"
"1471","-27","508","-498","1729"
"1472","-42","518","-494","1729"
"1473","-56","526","-488","1729"
"1474","-71","530","-477","1729"
"1475","-84","529","-463","1729"
"1476","-97","526","-447","1729"
"1477","-111","520","-427","1729"
"1478","-127","513","-404","1729"
"1479","-144","504","-378","1729"
"1480","-164","493","-347","1729"
"1481","-184","479","-313","1729"
"1482","-204","465","-278","1729"
"1483","-226","449","-240","1729"
"1484","-248","433","-202","1729"
"1485","-269","419","-166","1729"
"1486","-290","404","-130","1729"
"1487","-310","389","-95","1729"
"1488","-329","374","-61","1729"
"1489","-348","360","-28","1729"
"1490","-362","347","-1","1729"
"1491","-372","336","20","1729"
"1492","-380","326","39","1729"
"1493","-389","316","59","1729"
"1494","-397","305","78","1729"
"1495","-402","292","95","1729"
"1496","-403","279","110","1729"
"1497","-403","266","123","1729"
"1498","-403","252","137","1729"
"1499","-405","237","154","1729"
"1500","-406","221","172","1729"
"1501","-406","203","190","1729"
"1502","-404","183","208","1729"
"1503","-402","162","227","1729"
"1504","-401","139","249","1729"
"1505","-399","115","271","1729"
"1506","-396","92","293","1729"
"1507","-393","68","313","1729"
"1508","-389","46","331","1729"
"1509","-384","24","349","1729"
"1510","-379","1","368","1729"
"1511","-374","-18","382","1729"
"1512","-370","-33","392","1729"
"1513","-366","-45","401","1729"
"1514","-362","-58","410","1729"
"1515","-357","-73","420","1729"
"1516","-350","-88","428","1729"
"1517","-339","-104","434","1729"
"1518","-328","-119","438","1729"
"1519","-317","-135","443","1729"
"1520","-305","-154","450","1729"
"1521","-291","-177","460","1729"
"1522","-273","-203","468","1729"
"1523","-252","-232","476","1729"
"1524","-230","-261","484","1729"
"1525","-207","-291","491","1729"
"1526","-183","-322","497","1729"
"1527","-157","-352","503","1729"
"1528","-133","-381","508","1729"
"1529","-109","-408","511","1729"
"1530","-86","-432","513","1729"
"1531","-63","-457","515","1729"
"1532","-41","-479","516","1729"
"1533","-23","-496","515","1729"
"1534","-9","-510","515","1729"
"1535","4","-522","514","1729"
"1536","19","-533","510","1729"
"1537","35","-542","503","1729"
"1538","49","-546","493","1729"
"1539","61","-546","481","1729"
"1540","75","-544","466","1729"
"1541","91","-540","447","1729"
"1542","108","-535","424","1729"
"1543","126","-526","396","1729"
"1544","146","-514","365","1729"
"1545","165","-501","332","1729"
"1546","187","-487","296","1729"
"1547","209","-473","260","1729"
"1548","231","-459","224","1729"
"1549","253","-444","187","1729"
"1550","274","-429","150","1729"
"1551","296","-415","114","1729"
"1552","316","-401","80","1729"
"1553","333","-388","50","1729"
"1554","346","-376","24","1729"
"1555","359","-366","2","1729"
"1556","371","-356","-21","1729"
"1557","382","-346","-42","1729"
"1558","389","-335","-61","1729"
"1559","393","-322","-78","1729"
"1560","395","-310","-92","1729"
"1561","397","-298","-106","1729"
"1562","401","-284","-123","1729"
"1563","403","-269","-141","1729"
"1564","404","-252","-159","1729"
"1565","402","-233","-177","1729"
"1566","401","-214","-195","1729"
"1567","401","-193","-216","1729"
"1568","401","-171","-239","1729"
"1569","400","-147","-261","1729"
"1570","397","-123","-283","1729"
"1571","393","-99","-303","1729"
"1572","389","-75","-323","1729"
"1573","385","-51","-343","1729"
"1574","381","-31","-361","1729"
"1575","377","-13","-374","1729"
"1576","374","1","-385","1729"
"1577","369","17","-397","1729"
"1578","365","32","-408","1729"
"1579","359","47","-417","1729"
"1580","352","61","-424","1729"
"1581","343","76","-431","1729"
"1582","334","91","-437","1729"
"1583","323","109","-444","1729"
"1584","310","130","-453","1729"
"1585","294","154","-461","1729"
"1586","275","180","-469","1729"
"1587","254","209","-477","1729"
"1588","233","238","-485","1729"
"1589","210","269","-493","1729"
"1590","185","301","-501","1729"
"1591","160","332","-507","1729"
"1592","135","361","-512","1729"
"1593","111","388","-515","1729"
"1594","87","414","-517","1729"
"1595","63","439","-519","1729"
"1596","43","459","-520","1729"
"1597","26","478","-521","1729"
"1598","11","493","-521","1729"
"1599","-5","507","-520","1729"
"1600","-20","519","-517","1729"
"1601","-35","526","-510","1729"
"1602","-49","530","-499","1729"
"1603","-62","531","-487","1729"
"1604","-76","530","-472","1729"
"1605","-92","526","-452","1729"
"1606","-110","520","-429","1729"
"1607","-128","512","-402","1729"
"1608","-149","500","-370","1729"
"1609","-169","487","-336","1729"
"1610","-191","473","-300","1729"
"1611","-213","458","-263","1729"
"1612","-235","444","-227","1729"
"1613","-258","430","-189","1729"
"1614","-280","415","-152","1729"
"1615","-301","400","-116","1729"
"1616","-322","386","-81","1729"
"1617","-339","373","-51","1729"
"1618","-353","362","-25","1729"
"1619","-365","351","-2","1729"
"1620","-378","341","21","1729"
"1621","-389","331","43","1729"
"1622","-396","320","61","1729"
"1623","-400","307","78","1729"
"1624","-402","295","92","1729"
"1625","-405","282","108","1729"
"1626","-408","268","125","1729"
"1627","-410","253","142","1729"
"1628","-410","236","160","1729"
"1629","-409","217","179","1729"
"1630","-408","197","197","1729"
"1631","-407","176","218","1729"
"1632","-406","152","241","1729"
"1633","-405","128","263","1729"
"1634","-402","104","285","1729"
"1635","-398","80","306","1729"
"1636","-393","56","325","1729"
"1637","-389","31","346","1729"
"1638","-384","9","363","1729"
"1639","-379","-8","377","1729"
"1640","-376","-23","388","1729"
"1641","-372","-38","399","1729"
"1642","-367","-54","410","1729"
"1643","-361","-68","419","1729"
"1644","-353","-83","426","1729"
"1645","-343","-98","431","1729"
"1646","-333","-113","436","1729"
"1647","-322","-131","443","1729"
"1648","-309","-152","451","1729"
"1649","-293","-175","460","1729"
"1650","-274","-201","467","1729"
"1651","-253","-229","474","1729"
"1652","-232","-258","482","1729"
"1653","-208","-288","489","1729"
"1654","-183","-320","496","1729"
"1655","-158","-351","502","1729"
"1656","-133","-380","506","1729"
"1657","-109","-406","508","1729"
"1658","-84","-431","510","1729"
"1659","-59","-456","511","1729"
"1660","-39","-477","511","1729"
"1661","-22","-494","511","1729"
"1662","-7","-509","511","1729"
"1663","9","-522","509","1729"
"1664","25","-534","505","1729"
"1665","39","-540","497","1729"
"1666","53","-543","487","1729"
"1667","66","-543","474","1729"
"1668","80","-541","458","1729"
"1669","96","-537","438","1729"
"1670","113","-531","415","1729"
"1671","131","-522","387","1729"
"1672","150","-509","355","1729"
"1673","170","-496","322","1729"
"1674","192","-482","286","1729"
"1675","215","-467","248","1729"
"1676","237","-453","211","1729"
"1677","259","-438","174","1729"
"1678","280","-421","136","1729"
"1679","301","-405","99","1729"
"1680","322","-391","63","1729"
"1681","340","-377","32","1729"
"1682","353","-365","6","1729"
"1683","364","-354","-16","1729"
"1684","374","-343","-38","1729"
"1685","384","-332","-59","1729"
"1686","391","-320","-77","1729"
"1687","394","-307","-94","1729"
"1688","394","-294","-107","1729"
"1689","395","-281","-121","1729"
"1690","396","-266","-138","1729"
"1691","398","-250","-155","1729"
"1692","398","-234","-172","1729"
"1693","396","-214","-190","1729"
"1694","394","-194","-208","1729"
"1695","392","-173","-228","1729"
"1696","390","-149","-250","1729"
"1697","389","-124","-273","1729"
"1698","386","-100","-295","1729"
"1699","381","-76","-314","1729"
"1700","375","-52","-333","1729"
"1701","370","-26","-354","1729"
"1702","364","-4","-371","1729"
"1703","360","13","-384","1729"
"1704","355","27","-393","1729"
"1705","350","41","-402","1729"
"1706","344","56","-412","1729"
"1707","338","70","-420","1729"
"1708","329","84","-426","1729"
"1709","319","99","-430","1729"
"1710","309","112","-434","1729"
"1711","298","129","-439","1729"
"1712","284","149","-446","1729"
"1713","269","171","-454","1729"
"1714","250","197","-460","1729"
"1715","229","224","-467","1729"
"1716","208","252","-474","1729"
"1717","185","282","-481","1729"
"1718","160","312","-487","1729"
"1719","135","342","-492","1729"
"1720","110","371","-497","1729"
"1721","86","397","-499","1729"
"1722","61","423","-500","1729"
"1723","37","448","-501","1729"
"1724","16","468","-501","1729"
"1725","0","484","-501","1729"
"1726","-14","497","-500","1729"
"1727","-29","509","-498","1729"
"1728","-44","520","-494","1729"
"1729","-58","527","-487","1729"
"1730","-72","530","-475","1729"
"1731","-85","529","-462","1729"
"1732","-97","525","-446","1729"
"1733","-112","520","-427","1729"
"1734","-128","514","-404","1729"
"1735","-146","505","-377","1729"
"1736","-165","493","-346","1729"
"1737","-184","479","-312","1729"
"1738","-205","464","-276","1729"
"1739","-227","448","-239","1729"
"1740","-248","434","-203","1729"
"1741","-270","419","-166","1729"
"1742","-291","403","-129","1729"
"1743","-311","388","-93","1729"
"1744","-331","373","-58","1729"
"1745","-349","360","-27","1729"
"1746","-361","347","-2","1729"
"1747","-371","337","19","1729"
"1748","-382","326","40","1729"
"1749","-392","316","61","1729"
"1750","-399","305","79","1729"
"1751","-402","291","96","1729"
"1752","-403","279","110","1729"
"1753","-403","266","122","1729"
"1754","-405","252","139","1729"
"1755","-407","238","156","1729"
"1756","-408","221","173","1729"
"1757","-407","202","191","1729"
"1758","-405","183","208","1729"
"1759","-403","162","228","1729"
"1760","-402","139","250","1729"
"1761","-400","116","272","1729"
"1762","-398","92","294","1729"
"1763","-394","68","314","1729"
"1764","-389","45","332","1729"
"1765","-384","21","351","1729"
"1766","-379","-1","369","1729"
"1767","-374","-18","382","1729"
"1768","-370","-32","392","1729"
"1769","-367","-45","401","1729"
"1770","-362","-60","412","1729"
"1771","-356","-75","421","1729"
"1772","-348","-89","428","1729"
"1773","-338","-105","433","1729"
"1774","-328","-119","438","1729"
"1775","-317","-135","444","1729"
"1776","-305","-156","452","1729"
"1777","-291","-179","461","1729"
"1778","-272","-205","468","1729"
"1779","-251","-233","476","1729"
"1780","-230","-262","484","1729"
"1781","-206","-292","491","1729"
"1782","-182","-323","498","1729"
"1783","-157","-353","503","1729"
"1784","-132","-382","508","1729"
"1785","-109","-408","511","1729"
"1786","-85","-434","513","1729"
"1787","-61","-458","515","1729"
"1788","-40","-479","515","1729"
"1789","-23","-496","515","1729"
"1790","-9","-510","515","1729"
"1791","5","-523","514","1729"
"1792","20","-535","511","1729"
"1793","35","-542","504","1729"
"1794","50","-547","493","1729"
"1795","63","-547","481","1729"
"1796","76","-544","466","1729"
"1797","91","-540","446","1729"
"1798","108","-534","424","1729"
"1799","126","-526","397","1729"
"1800","146","-514","365","1729"
"1801","166","-502","332","1729"
"1802","187","-488","297","1729"
"1803","210","-473","260","1729"
"1804","231","-459","223","1729"
"1805","253","-445","187","1729"
"1806","274","-430","151","1729"
"1807","295","-415","115","1729"
"1808","316","-402","81","1729"
"1809","334","-389","49","1729"
"1810","348","-377","23","1729"
"1811","359","-366","2","1729"
"1812","370","-357","-19","1729"
"1813","382","-347","-41","1729"
"1814","390","-336","-60","1729"
"1815","395","-324","-77","1729"
"1816","397","-311","-93","1729"
"1817","398","-299","-106","1729"
"1818","400","-285","-122","1729"
"1819","403","-270","-140","1729"
"1820","404","-254","-158","1729"
"1821","404","-235","-176","1729"
"1822","403","-215","-195","1729"
"1823","402","-195","-215","1729"
"1824","401","-172","-238","1729"
"1825","400","-148","-261","1729"
"1826","398","-124","-282","1729"
"1827","394","-100","-303","1729"
"1828","389","-77","-322","1729"
"1829","385","-54","-342","1729"
"1830","382","-32","-360","1729"
"1831","378","-13","-375","1729"
"1832","374","2","-386","1729"
"1833","370","15","-396","1729"
"1834","366","31","-407","1729"
"1835","361","45","-417","1729"
"1836","353","60","-425","1729"
"1837","344","76","-432","1729"
"1838","334","91","-438","1729"
"1839","324","108","-444","1729"
"1840","311","129","-452","1729"
"1841","295","153","-461","1729"
"1842","277","180","-470","1729"
"1843","255","209","-478","1729"
"1844","234","239","-486","1729"
"1845","211","269","-494","1729"
"1846","186","300","-501","1729"
"1847","161","331","-507","1729"
"1848","136","361","-512","1729"
"1849","112","388","-515","1729"
"1850","88","413","-518","1729"
"1851","65","438","-520","1729"
"1852","44","460","-520","1729"
"1853","26","478","-521","1729"
"1854","11","493","-521","1729"
"1855","-3","505","-520","1729"
"1856","-19","518","-517","1729"
"1857","-34","526","-511","1729"
"1858","-49","531","-500","1729"
"1859","-63","532","-487","1729"
"1860","-76","530","-472","1729"
"1861","-91","526","-452","1729"
"1862","-109","520","-429","1729"
"1863","-127","511","-402","1729"
"1864","-148","500","-370","1729"
"1865","-169","487","-337","1729"
"1866","-190","473","-301","1729"
"1867","-213","458","-263","1729"
"1868","-235","444","-226","1729"
"1869","-257","430","-190","1729"
"1870","-280","415","-152","1729"
"1871","-300","400","-117","1729"
"1872","-321","386","-82","1729"
"1873","-339","373","-50","1729"
"1874","-354","361","-23","1729"
"1875","-365","350","-1","1729"
"1876","-376","340","21","1729"
"1877","-388","330","42","1729"
"1878","-396","319","62","1729"
"1879","-401","307","79","1729"
"1880","-403","294","95","1729"
"1881","-404","281","109","1729"
"1882","-407","267","125","1729"
"1883","-409","252","143","1729"
"1884","-410","235","161","1729"
"1885","-410","216","180","1729"
"1886","-409","196","199","1729"
"1887","-407","175","219","1729"
"1888","-406","151","242","1729"
"1889","-404","127","264","1729"
"1890","-402","103","287","1729"
"1891","-398","78","308","1729"
"1892","-394","55","326","1729"
"1893","-389","31","346","1729"
"1894","-384","8","364","1729"
"1895","-379","-10","379","1729"
"1896","-375","-25","390","1729"
"1897","-371","-39","399","1729"
"1898","-366","-54","410","1729"
"1899","-361","-69","419","1729"
"1900","-354","-83","427","1729"
"1901","-344","-99","433","1729"
"1902","-333","-114","437","1729"
"1903","-321","-131","443","1729"
"1904","-308","-152","451","1729"
"1905","-294","-176","460","1729"
"1906","-275","-202","468","1729"
"1907","-254","-230","475","1729"
"1908","-232","-259","483","1729"
"1909","-208","-289","490","1729"
"1910","-183","-320","496","1729"
"1911","-158","-350","501","1729"
"1912","-133","-380","506","1729"
"1913","-108","-406","509","1729"
"1914","-85","-431","510","1729"
"1915","-61","-456","511","1729"
"1916","-39","-477","511","1729"
"1917","-21","-495","511","1729"
"1918","-6","-509","511","1729"
"1919","8","-521","509","1729"
"1920","24","-532","505","1729"
"1921","39","-540","498","1729"
"1922","53","-544","487","1729"
"1923","67","-544","474","1729"
"1924","79","-541","458","1729"
"1925","95","-536","438","1729"
"1926","112","-530","415","1729"
"1927","130","-521","388","1729"
"1928","150","-509","356","1729"
"1929","170","-496","322","1729"
"1930","191","-481","286","1729"
"1931","214","-466","248","1729"
"1932","237","-451","211","1729"
"1933","258","-437","174","1729"
"1934","279","-421","137","1729"
"1935","300","-405","100","1729"
"1936","320","-391","65","1729"
"1937","340","-377","32","1729"
"1938","354","-364","5","1729"
"1939","364","-353","-16","1729"
"1940","373","-343","-37","1729"
"1941","383","-332","-57","1729"
"1942","390","-321","-76","1729"
"1943","395","-308","-94","1729"
"1944","396","-294","-109","1729"
"1945","395","-281","-121","1729"
"1946","396","-267","-136","1729"
"1947","398","-252","-154","1729"
"1948","398","-235","-171","1729"
"1949","397","-216","-190","1729"
"1950","396","-196","-208","1729"
"1951","393","-175","-227","1729"
"1952","391","-151","-249","1729"
"1953","389","-126","-272","1729"
"1954","386","-101","-294","1729"
"1955","382","-77","-314","1729"
"1956","376","-54","-332","1729"
"1957","371","-30","-351","1729"
"1958","366","-7","-370","1729"
"1959","360","12","-384","1729"
"1960","356","27","-393","1729"
"1961","351","39","-401","1729"
"1962","345","53","-410","1729"
"1963","339","68","-418","1729"
"1964","331","82","-425","1729"
"1965","321","97","-430","1729"
"1966","310","112","-434","1729"
"1967","298","127","-438","1729"
"1968","285","147","-445","1729"
"1969","270","170","-452","1729"
"1970","252","195","-460","1729"
"1971","231","223","-467","1729"
"1972","209","251","-474","1729"
"1973","186","280","-481","1729"
"1974","161","311","-486","1729"
"1975","136","341","-492","1729"
"1976","111","370","-496","1729"
"1977","87","396","-499","1729"
"1978","64","421","-500","1729"
"1979","39","446","-502","1729"
"1980","17","467","-501","1729"
"1981","0","484","-500","1729"
"1982","-14","497","-500","1729"
"1983","-27","508","-498","1729"
"1984","-42","518","-494","1729"
"1985","-56","526","-488","1729"
"1986","-71","530","-477","1729"
"1987","-84","529","-463","1729"
"1988","-97","526","-447","1729"
"1989","-111","520","-427","1729"
"1990","-127","513","-404","1729"
"1991","-144","504","-378","1729"
"1992","-164","493","-347","1729"
"1993","-184","479","-313","1729"
"1994","-204","465","-278","1729"
"1995","-226","449","-240","1729"
"1996","-248","433","-202","1729"
"1997","-269","419","-166","1729"
"1998","-290","404","-130","1729"
"1999","-310","389","-95","1729"
"2000","-329","374","-61","1729"
"2001","-348","360","-28","1729"
"2002","-362","347","-1","1729"
"2003","-372","336","20","1729"
"2004","-380","326","39","1729"
"2005","-389","316","59","1729"
"2006","-397","305","78","1729"
"2007","-402","292","95","1729"
"2008","-403","279","110","1729"
"2009","-403","266","123","1729"
"2010","-403","252","137","1729"
"2011","-405","237","154","1729"
"2012","-406","221","172","1729"
"2013","-406","203","190","1729"
"2014","-404","183","208","1729"
"2015","-402","162","227","1729"
"2016","-401","139","249","1729"
"2017","-399","115","271","1729"
"2018","-396","92","293","1729"
"2019","-393","68","313","1729"
"2020","-389","46","331","1729"
"2021","-384","24","349","1729"
"2022","-379","1","368","1729"
"2023","-374","-18","382","1729"
"2024","-370","-33","392","1729"
"2025","-366","-45","401","1729"
"2026","-362","-58","410","1729"
"2027","-357","-73","420","1729"
"2028","-350","-88","428","1729"
"2029","-339","-104","434","1729"
"2030","-328","-119","438","1729"
"2031","-317","-135","443","1729"
"2032","-305","-154","450","1729"
"2033","-291","-177","460","1729"
"2034","-273","-203","468","1729"
"2035","-252","-232","476","1729"
"2036","-230","-261","484","1729"
"2037","-207","-291","491","1729"
"2038","-183","-322","497","1729"
"2039","-157","-352","503","1729"
"2040","-133","-381","508","1729"
"2041","-109","-408","511","1729"
"2042","-86","-432","513","1729"
"2043","-63","-457","515","1729"
"2044","-41","-479","516","1729"
"2045","-23","-496","515","1729"
"2046","-9","-510","515","1729"
"2047","4","-522","514","1729"
"2048","19","-533","510","1729"
