,0,1,2
0,0.95,0.51,0.12
1,0.95,0.53,0.11
2,0.94,0.54,0.1
3,0.93,0.55,0.09
4,0.92,0.56,0.09
5,0.91,0.58,0.08
6,0.9,0.59,0.07
7,0.89,0.61,0.07
8,0.87,0.63,0.06
9,0.85,0.65,0.05
10,0.83,0.68,0.05
11,0.8,0.7,0.04
12,0.78,0.73,0.03
13,0.75,0.76,0.02
14,0.72,0.79,0.02
15,0.69,0.81,0.01
16,0.65,0.84,0.01
17,0.62,0.87,0.01
18,0.6,0.89,0.0
19,0.57,0.91,0.0
20,0.55,0.93,0.0
21,0.53,0.95,0.0
22,0.5,0.96,0.0
23,0.49,0.97,0.0
24,0.47,0.98,0.01
25,0.45,0.99,0.01
26,0.44,0.99,0.02
27,0.42,0.99,0.03
28,0.4,0.99,0.05
29,0.38,0.99,0.07
30,0.36,0.98,0.09
31,0.34,0.97,0.12
32,0.31,0.96,0.15
33,0.29,0.95,0.18
34,0.26,0.94,0.22
35,0.23,0.92,0.25
36,0.2,0.91,0.29
37,0.18,0.89,0.33
38,0.15,0.88,0.36
39,0.12,0.87,0.39
40,0.1,0.86,0.42
41,0.08,0.84,0.45
42,0.06,0.83,0.48
43,0.05,0.82,0.5
44,0.03,0.81,0.53
45,0.02,0.8,0.54
46,0.02,0.79,0.56
47,0.01,0.78,0.57
48,0.0,0.77,0.59
49,0.0,0.76,0.61
50,0.0,0.75,0.62
51,0.0,0.73,0.64
52,0.0,0.72,0.65
53,0.0,0.7,0.67
54,0.0,0.68,0.69
55,0.0,0.66,0.71
56,0.0,0.64,0.73
57,0.0,0.62,0.75
58,0.0,0.6,0.77
59,0.01,0.57,0.79
60,0.01,0.55,0.81
61,0.02,0.53,0.83
62,0.02,0.51,0.84
63,0.03,0.5,0.86
64,0.03,0.48,0.87
65,0.04,0.47,0.88
66,0.05,0.46,0.89
67,0.05,0.44,0.9
68,0.06,0.43,0.9
69,0.07,0.42,0.91
70,0.08,0.4,0.92
71,0.1,0.38,0.92
72,0.12,0.36,0.93
73,0.14,0.34,0.94
74,0.16,0.32,0.95
75,0.18,0.29,0.95
76,0.21,0.26,0.96
77,0.24,0.23,0.97
78,0.27,0.21,0.98
79,0.3,0.18,0.98
80,0.33,0.15,0.98
81,0.36,0.13,0.99
82,0.39,0.1,0.99
83,0.42,0.08,0.99
84,0.44,0.06,0.99
85,0.46,0.05,0.99
86,0.48,0.03,0.99
87,0.5,0.02,0.99
88,0.52,0.01,0.98
89,0.54,0.01,0.98
90,0.55,0.0,0.97
91,0.57,0.0,0.96
92,0.59,0.0,0.94
93,0.61,0.01,0.92
94,0.63,0.01,0.89
95,0.65,0.02,0.87
96,0.68,0.03,0.84
97,0.7,0.05,0.8
98,0.73,0.06,0.77
99,0.76,0.07,0.74
100,0.79,0.08,0.7
101,0.81,0.1,0.66
102,0.84,0.11,0.63
103,0.87,0.13,0.59
104,0.89,0.14,0.56
105,0.91,0.15,0.53
106,0.93,0.16,0.51
107,0.95,0.17,0.48
108,0.96,0.18,0.46
109,0.97,0.19,0.44
110,0.97,0.2,0.43
111,0.98,0.21,0.41
112,0.99,0.22,0.4
113,0.99,0.24,0.38
114,0.99,0.25,0.37
115,0.99,0.26,0.35
116,0.99,0.28,0.34
117,0.99,0.3,0.32
118,0.99,0.31,0.3
119,0.99,0.34,0.28
120,0.99,0.36,0.26
121,0.98,0.38,0.24
122,0.98,0.4,0.22
123,0.97,0.43,0.19
124,0.97,0.45,0.18
125,0.96,0.47,0.16
126,0.96,0.49,0.14
127,0.95,0.5,0.13
128,0.95,0.52,0.12
129,0.94,0.53,0.11
130,0.93,0.55,0.1
131,0.92,0.56,0.09
132,0.91,0.57,0.09
133,0.9,0.58,0.08
134,0.89,0.6,0.08
135,0.88,0.62,0.07
136,0.86,0.64,0.06
137,0.84,0.66,0.06
138,0.81,0.68,0.05
139,0.79,0.71,0.04
140,0.76,0.73,0.04
141,0.73,0.76,0.03
142,0.7,0.79,0.02
143,0.67,0.82,0.02
144,0.64,0.84,0.02
145,0.61,0.87,0.01
146,0.58,0.89,0.01
147,0.55,0.91,0.01
148,0.53,0.93,0.01
149,0.51,0.95,0.01
150,0.49,0.96,0.01
151,0.46,0.98,0.02
152,0.45,0.98,0.02
153,0.43,0.99,0.03
154,0.42,0.99,0.04
155,0.4,0.99,0.05
156,0.38,0.99,0.07
157,0.36,0.98,0.09
158,0.34,0.98,0.11
159,0.32,0.96,0.14
160,0.3,0.95,0.17
161,0.27,0.94,0.2
162,0.24,0.93,0.24
163,0.22,0.91,0.27
164,0.19,0.9,0.31
165,0.16,0.88,0.35
166,0.13,0.87,0.39
167,0.11,0.86,0.42
168,0.09,0.84,0.45
169,0.07,0.83,0.48
170,0.05,0.82,0.5
171,0.03,0.81,0.53
172,0.02,0.8,0.55
173,0.01,0.79,0.57
174,0.01,0.78,0.58
175,0.01,0.77,0.59
176,0.0,0.75,0.61
177,0.0,0.74,0.63
178,0.0,0.73,0.64
179,0.0,0.71,0.66
180,0.0,0.7,0.67
181,0.01,0.68,0.69
182,0.01,0.66,0.7
183,0.01,0.64,0.73
184,0.01,0.62,0.75
185,0.01,0.6,0.76
186,0.02,0.58,0.78
187,0.02,0.55,0.81
188,0.03,0.53,0.82
189,0.04,0.51,0.84
190,0.04,0.49,0.85
191,0.05,0.48,0.86
192,0.05,0.46,0.88
193,0.06,0.45,0.89
194,0.07,0.44,0.89
195,0.08,0.42,0.9
196,0.09,0.41,0.9
197,0.1,0.4,0.91
198,0.11,0.39,0.91
199,0.12,0.37,0.92
200,0.14,0.35,0.93
201,0.16,0.33,0.93
202,0.18,0.31,0.94
203,0.21,0.28,0.95
204,0.23,0.26,0.95
205,0.26,0.23,0.96
206,0.29,0.2,0.97
207,0.32,0.17,0.97
208,0.35,0.15,0.97
209,0.38,0.12,0.98
210,0.41,0.1,0.98
211,0.44,0.08,0.98
212,0.46,0.06,0.98
213,0.48,0.05,0.98
214,0.5,0.03,0.98
215,0.52,0.02,0.98
216,0.54,0.01,0.97
217,0.55,0.01,0.96
218,0.57,0.01,0.95
219,0.59,0.0,0.94
220,0.61,0.01,0.92
221,0.62,0.01,0.91
222,0.65,0.02,0.88
223,0.67,0.03,0.85
224,0.69,0.04,0.82
225,0.72,0.05,0.79
226,0.74,0.06,0.76
227,0.77,0.07,0.72
228,0.8,0.09,0.69
229,0.82,0.1,0.65
230,0.85,0.12,0.62
231,0.87,0.13,0.58
232,0.9,0.14,0.55
233,0.91,0.15,0.53
234,0.93,0.16,0.5
235,0.95,0.17,0.48
236,0.97,0.18,0.46
237,0.97,0.19,0.44
238,0.98,0.2,0.42
239,0.98,0.21,0.41
240,0.99,0.23,0.39
241,0.99,0.24,0.38
242,0.99,0.25,0.36
243,0.99,0.27,0.35
244,0.99,0.28,0.33
245,0.99,0.3,0.31
246,0.99,0.32,0.3
247,0.99,0.34,0.27
248,0.99,0.36,0.25
249,0.98,0.38,0.23
250,0.98,0.4,0.21
251,0.98,0.43,0.19
252,0.97,0.45,0.17
253,0.97,0.47,0.16
254,0.96,0.48,0.14
255,0.95,0.5,0.13
256,0.95,0.51,0.12
257,0.94,0.53,0.11
258,0.94,0.54,0.1
259,0.93,0.56,0.09
260,0.92,0.57,0.09
261,0.91,0.58,0.08
262,0.9,0.6,0.07
263,0.88,0.61,0.07
264,0.87,0.63,0.06
265,0.84,0.66,0.05
266,0.82,0.68,0.05
267,0.8,0.7,0.04
268,0.77,0.73,0.03
269,0.74,0.76,0.02
270,0.71,0.79,0.02
271,0.68,0.82,0.01
272,0.65,0.84,0.01
273,0.62,0.87,0.01
274,0.59,0.89,0.0
275,0.57,0.91,0.0
276,0.54,0.93,0.0
277,0.52,0.95,0.0
278,0.5,0.96,0.0
279,0.48,0.97,0.0
280,0.46,0.98,0.01
281,0.45,0.99,0.01
282,0.43,0.99,0.02
283,0.42,0.99,0.04
284,0.4,0.99,0.05
285,0.38,0.99,0.07
286,0.36,0.98,0.09
287,0.33,0.97,0.12
288,0.31,0.96,0.15
289,0.28,0.95,0.18
290,0.26,0.94,0.22
291,0.23,0.92,0.25
292,0.2,0.91,0.29
293,0.18,0.9,0.33
294,0.15,0.88,0.36
295,0.12,0.87,0.39
296,0.1,0.86,0.43
297,0.08,0.84,0.45
298,0.06,0.83,0.48
299,0.05,0.83,0.5
300,0.03,0.82,0.52
301,0.02,0.81,0.54
302,0.01,0.79,0.56
303,0.01,0.78,0.57
304,0.0,0.77,0.59
305,0.0,0.76,0.6
306,0.0,0.75,0.62
307,0.0,0.73,0.64
308,0.0,0.72,0.65
309,0.0,0.7,0.67
310,0.0,0.68,0.69
311,0.0,0.66,0.71
312,0.0,0.64,0.73
313,0.0,0.62,0.75
314,0.0,0.6,0.77
315,0.01,0.57,0.79
316,0.01,0.55,0.81
317,0.02,0.53,0.83
318,0.02,0.51,0.85
319,0.03,0.5,0.86
320,0.03,0.48,0.87
321,0.04,0.47,0.88
322,0.04,0.45,0.89
323,0.05,0.44,0.9
324,0.06,0.43,0.9
325,0.07,0.42,0.91
326,0.08,0.4,0.92
327,0.1,0.38,0.93
328,0.11,0.36,0.93
329,0.14,0.34,0.94
330,0.16,0.32,0.95
331,0.18,0.29,0.95
332,0.21,0.26,0.96
333,0.24,0.23,0.97
334,0.27,0.2,0.98
335,0.3,0.18,0.98
336,0.33,0.15,0.99
337,0.36,0.12,0.99
338,0.39,0.1,0.99
339,0.42,0.08,0.99
340,0.44,0.06,0.99
341,0.46,0.05,1.0
342,0.48,0.03,1.0
343,0.5,0.02,0.99
344,0.52,0.01,0.99
345,0.54,0.0,0.98
346,0.55,0.0,0.97
347,0.57,0.0,0.96
348,0.59,0.0,0.94
349,0.61,0.0,0.92
350,0.63,0.01,0.9
351,0.66,0.02,0.87
352,0.68,0.03,0.84
353,0.7,0.04,0.81
354,0.73,0.05,0.77
355,0.76,0.07,0.74
356,0.79,0.08,0.7
357,0.82,0.1,0.66
358,0.84,0.11,0.63
359,0.87,0.12,0.59
360,0.89,0.14,0.56
361,0.91,0.15,0.54
362,0.93,0.16,0.51
363,0.95,0.17,0.49
364,0.96,0.18,0.46
365,0.97,0.19,0.44
366,0.98,0.2,0.43
367,0.98,0.21,0.42
368,0.98,0.22,0.4
369,0.99,0.23,0.38
370,0.99,0.25,0.37
371,0.99,0.26,0.35
372,0.99,0.28,0.34
373,0.99,0.3,0.32
374,0.99,0.31,0.3
375,0.99,0.34,0.28
376,0.99,0.36,0.26
377,0.98,0.38,0.24
378,0.98,0.4,0.22
379,0.97,0.43,0.2
380,0.97,0.45,0.18
381,0.96,0.47,0.16
382,0.96,0.49,0.14
383,0.95,0.5,0.13
384,0.94,0.52,0.12
385,0.94,0.53,0.11
386,0.93,0.55,0.1
387,0.92,0.56,0.09
388,0.91,0.57,0.09
389,0.9,0.58,0.08
390,0.89,0.6,0.08
391,0.87,0.62,0.07
392,0.86,0.64,0.06
393,0.83,0.66,0.06
394,0.81,0.68,0.05
395,0.79,0.71,0.04
396,0.76,0.74,0.04
397,0.73,0.77,0.03
398,0.7,0.79,0.02
399,0.67,0.82,0.02
400,0.64,0.85,0.02
401,0.6,0.87,0.01
402,0.57,0.9,0.01
403,0.55,0.92,0.01
404,0.52,0.93,0.01
405,0.5,0.95,0.01
406,0.48,0.96,0.01
407,0.46,0.98,0.02
408,0.44,0.98,0.02
409,0.43,0.99,0.03
410,0.41,0.99,0.04
411,0.4,0.99,0.05
412,0.38,0.99,0.07
413,0.36,0.98,0.09
414,0.34,0.98,0.11
415,0.31,0.97,0.14
416,0.29,0.95,0.17
417,0.27,0.94,0.2
418,0.24,0.93,0.24
419,0.21,0.91,0.28
420,0.19,0.9,0.31
421,0.16,0.89,0.35
422,0.13,0.87,0.39
423,0.11,0.86,0.42
424,0.09,0.84,0.45
425,0.07,0.83,0.48
426,0.05,0.82,0.5
427,0.04,0.81,0.53
428,0.02,0.8,0.55
429,0.01,0.79,0.57
430,0.01,0.77,0.58
431,0.01,0.76,0.59
432,0.01,0.75,0.61
433,0.0,0.74,0.62
434,0.0,0.73,0.64
435,0.0,0.71,0.66
436,0.0,0.7,0.67
437,0.01,0.68,0.69
438,0.01,0.66,0.7
439,0.01,0.64,0.72
440,0.01,0.62,0.75
441,0.02,0.6,0.77
442,0.02,0.57,0.78
443,0.03,0.55,0.8
444,0.03,0.53,0.82
445,0.04,0.51,0.84
446,0.04,0.49,0.85
447,0.05,0.48,0.86
448,0.06,0.46,0.87
449,0.06,0.45,0.89
450,0.07,0.43,0.89
451,0.08,0.42,0.9
452,0.09,0.41,0.9
453,0.1,0.4,0.91
454,0.11,0.38,0.91
455,0.12,0.37,0.92
456,0.14,0.35,0.93
457,0.16,0.33,0.93
458,0.18,0.3,0.94
459,0.21,0.28,0.95
460,0.24,0.25,0.95
461,0.26,0.23,0.96
462,0.29,0.2,0.97
463,0.32,0.17,0.97
464,0.35,0.15,0.97
465,0.38,0.12,0.98
466,0.42,0.1,0.98
467,0.44,0.08,0.98
468,0.46,0.06,0.98
469,0.48,0.04,0.98
470,0.5,0.03,0.98
471,0.52,0.02,0.98
472,0.54,0.01,0.97
473,0.56,0.0,0.96
474,0.57,0.0,0.95
475,0.59,0.0,0.94
476,0.61,0.0,0.93
477,0.62,0.01,0.91
478,0.65,0.01,0.88
479,0.67,0.02,0.86
480,0.69,0.03,0.83
481,0.72,0.05,0.79
482,0.74,0.06,0.76
483,0.77,0.07,0.73
484,0.8,0.09,0.69
485,0.82,0.1,0.65
486,0.85,0.11,0.62
487,0.88,0.13,0.58
488,0.9,0.14,0.55
489,0.92,0.15,0.53
490,0.93,0.16,0.5
491,0.95,0.17,0.48
492,0.97,0.18,0.46
493,0.98,0.19,0.44
494,0.98,0.2,0.42
495,0.98,0.21,0.41
496,0.99,0.22,0.4
497,0.99,0.24,0.38
498,0.99,0.25,0.36
499,0.99,0.26,0.35
500,0.99,0.28,0.33
501,0.99,0.3,0.31
502,0.99,0.31,0.3
503,0.99,0.34,0.28
504,0.99,0.36,0.26
505,0.99,0.38,0.23
506,0.98,0.4,0.21
507,0.98,0.42,0.19
508,0.97,0.45,0.17
509,0.97,0.47,0.16
510,0.96,0.48,0.14
511,0.96,0.5,0.13
512,0.95,0.51,0.12
513,0.95,0.53,0.11
514,0.94,0.54,0.1
515,0.93,0.55,0.09
516,0.92,0.56,0.09
517,0.91,0.58,0.08
518,0.9,0.59,0.07
519,0.89,0.61,0.07
520,0.87,0.63,0.06
521,0.85,0.65,0.05
522,0.83,0.68,0.05
523,0.8,0.7,0.04
524,0.78,0.73,0.03
525,0.75,0.76,0.02
526,0.72,0.79,0.02
527,0.69,0.81,0.01
528,0.65,0.84,0.01
529,0.62,0.87,0.01
530,0.6,0.89,0.0
531,0.57,0.91,0.0
532,0.55,0.93,0.0
533,0.53,0.95,0.0
534,0.5,0.96,0.0
535,0.49,0.97,0.0
536,0.47,0.98,0.01
537,0.45,0.99,0.01
538,0.44,0.99,0.02
539,0.42,0.99,0.03
540,0.4,0.99,0.05
541,0.38,0.99,0.07
542,0.36,0.98,0.09
543,0.34,0.97,0.12
544,0.31,0.96,0.15
545,0.29,0.95,0.18
546,0.26,0.94,0.22
547,0.23,0.92,0.25
548,0.2,0.91,0.29
549,0.18,0.89,0.33
550,0.15,0.88,0.36
551,0.12,0.87,0.39
552,0.1,0.86,0.42
553,0.08,0.84,0.45
554,0.06,0.83,0.48
555,0.05,0.82,0.5
556,0.03,0.81,0.53
557,0.02,0.8,0.54
558,0.02,0.79,0.56
559,0.01,0.78,0.57
560,0.0,0.77,0.59
561,0.0,0.76,0.61
562,0.0,0.75,0.62
563,0.0,0.73,0.64
564,0.0,0.72,0.65
565,0.0,0.7,0.67
566,0.0,0.68,0.69
567,0.0,0.66,0.71
568,0.0,0.64,0.73
569,0.0,0.62,0.75
570,0.0,0.6,0.77
571,0.01,0.57,0.79
572,0.01,0.55,0.81
573,0.02,0.53,0.83
574,0.02,0.51,0.84
575,0.03,0.5,0.86
576,0.03,0.48,0.87
577,0.04,0.47,0.88
578,0.05,0.46,0.89
579,0.05,0.44,0.9
580,0.06,0.43,0.9
581,0.07,0.42,0.91
582,0.08,0.4,0.92
583,0.1,0.38,0.92
584,0.12,0.36,0.93
585,0.14,0.34,0.94
586,0.16,0.32,0.95
587,0.18,0.29,0.95
588,0.21,0.26,0.96
589,0.24,0.23,0.97
590,0.27,0.21,0.98
591,0.3,0.18,0.98
592,0.33,0.15,0.98
593,0.36,0.13,0.99
594,0.39,0.1,0.99
595,0.42,0.08,0.99
596,0.44,0.06,0.99
597,0.46,0.05,0.99
598,0.48,0.03,0.99
599,0.5,0.02,0.99
600,0.52,0.01,0.98
601,0.54,0.01,0.98
602,0.55,0.0,0.97
603,0.57,0.0,0.96
604,0.59,0.0,0.94
605,0.61,0.01,0.92
606,0.63,0.01,0.89
607,0.65,0.02,0.87
608,0.68,0.03,0.84
609,0.7,0.05,0.8
610,0.73,0.06,0.77
611,0.76,0.07,0.74
612,0.79,0.08,0.7
613,0.81,0.1,0.66
614,0.84,0.11,0.63
615,0.87,0.13,0.59
616,0.89,0.14,0.56
617,0.91,0.15,0.53
618,0.93,0.16,0.51
619,0.95,0.17,0.48
620,0.96,0.18,0.46
621,0.97,0.19,0.44
622,0.97,0.2,0.43
623,0.98,0.21,0.41
624,0.99,0.22,0.4
625,0.99,0.24,0.38
626,0.99,0.25,0.37
627,0.99,0.26,0.35
628,0.99,0.28,0.34
629,0.99,0.3,0.32
630,0.99,0.31,0.3
631,0.99,0.34,0.28
632,0.99,0.36,0.26
633,0.98,0.38,0.24
634,0.98,0.4,0.22
635,0.97,0.43,0.19
636,0.97,0.45,0.18
637,0.96,0.47,0.16
638,0.96,0.49,0.14
639,0.95,0.5,0.13
640,0.95,0.52,0.12
641,0.94,0.53,0.11
642,0.93,0.55,0.1
643,0.92,0.56,0.09
644,0.91,0.57,0.09
645,0.9,0.58,0.08
646,0.89,0.6,0.08
647,0.88,0.62,0.07
648,0.86,0.64,0.06
649,0.84,0.66,0.06
650,0.81,0.68,0.05
651,0.79,0.71,0.04
652,0.76,0.73,0.04
653,0.73,0.76,0.03
654,0.7,0.79,0.02
655,0.67,0.82,0.02
656,0.64,0.84,0.02
657,0.61,0.87,0.01
658,0.58,0.89,0.01
659,0.55,0.91,0.01
660,0.53,0.93,0.01
661,0.51,0.95,0.01
662,0.49,0.96,0.01
663,0.46,0.98,0.02
664,0.45,0.98,0.02
665,0.43,0.99,0.03
666,0.42,0.99,0.04
667,0.4,0.99,0.05
668,0.38,0.99,0.07
669,0.36,0.98,0.09
670,0.34,0.98,0.11
671,0.32,0.96,0.14
672,0.3,0.95,0.17
673,0.27,0.94,0.2
674,0.24,0.93,0.24
675,0.22,0.91,0.27
676,0.19,0.9,0.31
677,0.16,0.88,0.35
678,0.13,0.87,0.39
679,0.11,0.86,0.42
680,0.09,0.84,0.45
681,0.07,0.83,0.48
682,0.05,0.82,0.5
683,0.03,0.81,0.53
684,0.02,0.8,0.55
685,0.01,0.79,0.57
686,0.01,0.78,0.58
687,0.01,0.77,0.59
688,0.0,0.75,0.61
689,0.0,0.74,0.63
690,0.0,0.73,0.64
691,0.0,0.71,0.66
692,0.0,0.7,0.67
693,0.01,0.68,0.69
694,0.01,0.66,0.7
695,0.01,0.64,0.73
696,0.01,0.62,0.75
697,0.01,0.6,0.76
698,0.02,0.58,0.78
699,0.02,0.55,0.81
700,0.03,0.53,0.82
701,0.04,0.51,0.84
702,0.04,0.49,0.85
703,0.05,0.48,0.86
704,0.05,0.46,0.88
705,0.06,0.45,0.89
706,0.07,0.44,0.89
707,0.08,0.42,0.9
708,0.09,0.41,0.9
709,0.1,0.4,0.91
710,0.11,0.39,0.91
711,0.12,0.37,0.92
712,0.14,0.35,0.93
713,0.16,0.33,0.93
714,0.18,0.31,0.94
715,0.21,0.28,0.95
716,0.23,0.26,0.95
717,0.26,0.23,0.96
718,0.29,0.2,0.97
719,0.32,0.17,0.97
720,0.35,0.15,0.97
721,0.38,0.12,0.98
722,0.41,0.1,0.98
723,0.44,0.08,0.98
724,0.46,0.06,0.98
725,0.48,0.05,0.98
726,0.5,0.03,0.98
727,0.52,0.02,0.98
728,0.54,0.01,0.97
729,0.55,0.01,0.96
730,0.57,0.01,0.95
731,0.59,0.0,0.94
732,0.61,0.01,0.92
733,0.62,0.01,0.91
734,0.65,0.02,0.88
735,0.67,0.03,0.85
736,0.69,0.04,0.82
737,0.72,0.05,0.79
738,0.74,0.06,0.76
739,0.77,0.07,0.72
740,0.8,0.09,0.69
741,0.82,0.1,0.65
742,0.85,0.12,0.62
743,0.87,0.13,0.58
744,0.9,0.14,0.55
745,0.91,0.15,0.53
746,0.93,0.16,0.5
747,0.95,0.17,0.48
748,0.97,0.18,0.46
749,0.97,0.19,0.44
750,0.98,0.2,0.42
751,0.98,0.21,0.41
752,0.99,0.23,0.39
753,0.99,0.24,0.38
754,0.99,0.25,0.36
755,0.99,0.27,0.35
756,0.99,0.28,0.33
757,0.99,0.3,0.31
758,0.99,0.32,0.3
759,0.99,0.34,0.27
760,0.99,0.36,0.25
761,0.98,0.38,0.23
762,0.98,0.4,0.21
763,0.98,0.43,0.19
764,0.97,0.45,0.17
765,0.97,0.47,0.16
766,0.96,0.48,0.14
767,0.95,0.5,0.13
768,0.95,0.51,0.12
769,0.94,0.53,0.11
770,0.94,0.54,0.1
771,0.93,0.56,0.09
772,0.92,0.57,0.09
773,0.91,0.58,0.08
774,0.9,0.6,0.07
775,0.88,0.61,0.07
776,0.87,0.63,0.06
777,0.84,0.66,0.05
778,0.82,0.68,0.05
779,0.8,0.7,0.04
780,0.77,0.73,0.03
781,0.74,0.76,0.02
782,0.71,0.79,0.02
783,0.68,0.82,0.01
784,0.65,0.84,0.01
785,0.62,0.87,0.01
786,0.59,0.89,0.0
787,0.57,0.91,0.0
788,0.54,0.93,0.0
789,0.52,0.95,0.0
790,0.5,0.96,0.0
791,0.48,0.97,0.0
792,0.46,0.98,0.01
793,0.45,0.99,0.01
794,0.43,0.99,0.02
795,0.42,0.99,0.04
796,0.4,0.99,0.05
797,0.38,0.99,0.07
798,0.36,0.98,0.09
799,0.33,0.97,0.12
800,0.31,0.96,0.15
801,0.28,0.95,0.18
802,0.26,0.94,0.22
803,0.23,0.92,0.25
804,0.2,0.91,0.29
805,0.18,0.9,0.33
806,0.15,0.88,0.36
807,0.12,0.87,0.39
808,0.1,0.86,0.43
809,0.08,0.84,0.45
810,0.06,0.83,0.48
811,0.05,0.83,0.5
812,0.03,0.82,0.52
813,0.02,0.81,0.54
814,0.01,0.79,0.56
815,0.01,0.78,0.57
816,0.0,0.77,0.59
817,0.0,0.76,0.6
818,0.0,0.75,0.62
819,0.0,0.73,0.64
820,0.0,0.72,0.65
821,0.0,0.7,0.67
822,0.0,0.68,0.69
823,0.0,0.66,0.71
824,0.0,0.64,0.73
825,0.0,0.62,0.75
826,0.0,0.6,0.77
827,0.01,0.57,0.79
828,0.01,0.55,0.81
829,0.02,0.53,0.83
830,0.02,0.51,0.85
831,0.03,0.5,0.86
832,0.03,0.48,0.87
833,0.04,0.47,0.88
834,0.04,0.45,0.89
835,0.05,0.44,0.9
836,0.06,0.43,0.9
837,0.07,0.42,0.91
838,0.08,0.4,0.92
839,0.1,0.38,0.93
840,0.11,0.36,0.93
841,0.14,0.34,0.94
842,0.16,0.32,0.95
843,0.18,0.29,0.95
844,0.21,0.26,0.96
845,0.24,0.23,0.97
846,0.27,0.2,0.98
847,0.3,0.18,0.98
848,0.33,0.15,0.99
849,0.36,0.12,0.99
850,0.39,0.1,0.99
851,0.42,0.08,0.99
852,0.44,0.06,0.99
853,0.46,0.05,1.0
854,0.48,0.03,1.0
855,0.5,0.02,0.99
856,0.52,0.01,0.99
857,0.54,0.0,0.98
858,0.55,0.0,0.97
859,0.57,0.0,0.96
860,0.59,0.0,0.94
861,0.61,0.0,0.92
862,0.63,0.01,0.9
863,0.66,0.02,0.87
864,0.68,0.03,0.84
865,0.7,0.04,0.81
866,0.73,0.05,0.77
867,0.76,0.07,0.74
868,0.79,0.08,0.7
869,0.82,0.1,0.66
870,0.84,0.11,0.63
871,0.87,0.12,0.59
872,0.89,0.14,0.56
873,0.91,0.15,0.54
874,0.93,0.16,0.51
875,0.95,0.17,0.49
876,0.96,0.18,0.46
877,0.97,0.19,0.44
878,0.98,0.2,0.43
879,0.98,0.21,0.42
880,0.98,0.22,0.4
881,0.99,0.23,0.38
882,0.99,0.25,0.37
883,0.99,0.26,0.35
884,0.99,0.28,0.34
885,0.99,0.3,0.32
886,0.99,0.31,0.3
887,0.99,0.34,0.28
888,0.99,0.36,0.26
889,0.98,0.38,0.24
890,0.98,0.4,0.22
891,0.97,0.43,0.2
892,0.97,0.45,0.18
893,0.96,0.47,0.16
894,0.96,0.49,0.14
895,0.95,0.5,0.13
896,0.94,0.52,0.12
897,0.94,0.53,0.11
898,0.93,0.55,0.1
899,0.92,0.56,0.09
900,0.91,0.57,0.09
901,0.9,0.58,0.08
902,0.89,0.6,0.08
903,0.87,0.62,0.07
904,0.86,0.64,0.06
905,0.83,0.66,0.06
906,0.81,0.68,0.05
907,0.79,0.71,0.04
908,0.76,0.74,0.04
909,0.73,0.77,0.03
910,0.7,0.79,0.02
911,0.67,0.82,0.02
912,0.64,0.85,0.02
913,0.6,0.87,0.01
914,0.57,0.9,0.01
915,0.55,0.92,0.01
916,0.52,0.93,0.01
917,0.5,0.95,0.01
918,0.48,0.96,0.01
919,0.46,0.98,0.02
920,0.44,0.98,0.02
921,0.43,0.99,0.03
922,0.41,0.99,0.04
923,0.4,0.99,0.05
924,0.38,0.99,0.07
925,0.36,0.98,0.09
926,0.34,0.98,0.11
927,0.31,0.97,0.14
928,0.29,0.95,0.17
929,0.27,0.94,0.2
930,0.24,0.93,0.24
931,0.21,0.91,0.28
932,0.19,0.9,0.31
933,0.16,0.89,0.35
934,0.13,0.87,0.39
935,0.11,0.86,0.42
936,0.09,0.84,0.45
937,0.07,0.83,0.48
938,0.05,0.82,0.5
939,0.04,0.81,0.53
940,0.02,0.8,0.55
941,0.01,0.79,0.57
942,0.01,0.77,0.58
943,0.01,0.76,0.59
944,0.01,0.75,0.61
945,0.0,0.74,0.62
946,0.0,0.73,0.64
947,0.0,0.71,0.66
948,0.0,0.7,0.67
949,0.01,0.68,0.69
950,0.01,0.66,0.7
951,0.01,0.64,0.72
952,0.01,0.62,0.75
953,0.02,0.6,0.77
954,0.02,0.57,0.78
955,0.03,0.55,0.8
956,0.03,0.53,0.82
957,0.04,0.51,0.84
958,0.04,0.49,0.85
959,0.05,0.48,0.86
960,0.06,0.46,0.87
961,0.06,0.45,0.89
962,0.07,0.43,0.89
963,0.08,0.42,0.9
964,0.09,0.41,0.9
965,0.1,0.4,0.91
966,0.11,0.38,0.91
967,0.12,0.37,0.92
968,0.14,0.35,0.93
969,0.16,0.33,0.93
970,0.18,0.3,0.94
971,0.21,0.28,0.95
972,0.24,0.25,0.95
973,0.26,0.23,0.96
974,0.29,0.2,0.97
975,0.32,0.17,0.97
976,0.35,0.15,0.97
977,0.38,0.12,0.98
978,0.42,0.1,0.98
979,0.44,0.08,0.98
980,0.46,0.06,0.98
981,0.48,0.04,0.98
982,0.5,0.03,0.98
983,0.52,0.02,0.98
984,0.54,0.01,0.97
985,0.56,0.0,0.96
986,0.57,0.0,0.95
987,0.59,0.0,0.94
988,0.61,0.0,0.93
989,0.62,0.01,0.91
990,0.65,0.01,0.88
991,0.67,0.02,0.86
992,0.69,0.03,0.83
993,0.72,0.05,0.79
994,0.74,0.06,0.76
995,0.77,0.07,0.73
996,0.8,0.09,0.69
997,0.82,0.1,0.65
998,0.85,0.11,0.62
999,0.88,0.13,0.58
1000,0.9,0.14,0.55
1001,0.92,0.15,0.53
1002,0.93,0.16,0.5
1003,0.95,0.17,0.48
1004,0.97,0.18,0.46
1005,0.98,0.19,0.44
1006,0.98,0.2,0.42
1007,0.98,0.21,0.41
1008,0.99,0.22,0.4
1009,0.99,0.24,0.38
1010,0.99,0.25,0.36
1011,0.99,0.26,0.35
1012,0.99,0.28,0.33
1013,0.99,0.3,0.31
1014,0.99,0.31,0.3
1015,0.99,0.34,0.28
1016,0.99,0.36,0.26
1017,0.99,0.38,0.23
1018,0.98,0.4,0.21
1019,0.98,0.42,0.19
1020,0.97,0.45,0.17
1021,0.97,0.47,0.16
1022,0.96,0.48,0.14
1023,0.96,0.5,0.13
1024,0.54,0.0,0.98
1025,0.56,0.0,0.97
1026,0.57,0.0,0.96
1027,0.59,0.0,0.94
1028,0.61,0.0,0.92
1029,0.63,0.01,0.9
1030,0.65,0.01,0.88
1031,0.68,0.03,0.85
1032,0.7,0.04,0.81
1033,0.73,0.05,0.78
1034,0.76,0.06,0.75
1035,0.78,0.08,0.71
1036,0.81,0.09,0.68
1037,0.84,0.1,0.64
1038,0.86,0.12,0.6
1039,0.89,0.13,0.57
1040,0.91,0.14,0.54
1041,0.92,0.15,0.52
1042,0.94,0.16,0.5
1043,0.95,0.17,0.48
1044,0.97,0.18,0.46
1045,0.98,0.19,0.44
1046,0.98,0.2,0.42
1047,0.98,0.21,0.41
1048,0.99,0.23,0.39
1049,0.99,0.24,0.38
1050,0.99,0.25,0.36
1051,1.0,0.27,0.34
1052,0.99,0.29,0.33
1053,0.99,0.3,0.31
1054,0.99,0.32,0.29
1055,0.99,0.34,0.27
1056,0.99,0.37,0.24
1057,0.99,0.39,0.22
1058,0.98,0.41,0.2
1059,0.98,0.43,0.19
1060,0.97,0.45,0.17
1061,0.97,0.47,0.15
1062,0.96,0.49,0.14
1063,0.96,0.5,0.13
1064,0.95,0.52,0.11
1065,0.95,0.53,0.1
1066,0.94,0.55,0.09
1067,0.93,0.56,0.09
1068,0.92,0.57,0.08
1069,0.91,0.59,0.08
1070,0.9,0.6,0.07
1071,0.88,0.62,0.06
1072,0.86,0.64,0.05
1073,0.84,0.67,0.04
1074,0.81,0.7,0.04
1075,0.79,0.72,0.03
1076,0.76,0.75,0.02
1077,0.73,0.78,0.01
1078,0.7,0.81,0.01
1079,0.67,0.84,0.0
1080,0.64,0.86,0.0
1081,0.61,0.89,0.0
1082,0.58,0.91,0.0
1083,0.55,0.93,0.0
1084,0.53,0.94,0.0
1085,0.51,0.96,0.0
1086,0.49,0.97,0.0
1087,0.48,0.98,0.0
1088,0.46,0.99,0.01
1089,0.44,0.99,0.02
1090,0.42,0.99,0.03
1091,0.41,0.99,0.04
1092,0.39,0.99,0.06
1093,0.37,0.98,0.08
1094,0.34,0.98,0.11
1095,0.32,0.97,0.14
1096,0.29,0.95,0.17
1097,0.27,0.94,0.21
1098,0.24,0.93,0.24
1099,0.21,0.91,0.28
1100,0.18,0.9,0.31
1101,0.16,0.89,0.35
1102,0.13,0.87,0.38
1103,0.11,0.86,0.42
1104,0.08,0.85,0.45
1105,0.07,0.84,0.47
1106,0.05,0.83,0.49
1107,0.04,0.82,0.52
1108,0.02,0.81,0.54
1109,0.01,0.8,0.55
1110,0.01,0.79,0.57
1111,0.01,0.78,0.58
1112,0.0,0.76,0.6
1113,0.0,0.75,0.62
1114,0.0,0.74,0.63
1115,0.0,0.72,0.65
1116,0.0,0.7,0.67
1117,0.0,0.68,0.68
1118,0.0,0.67,0.7
1119,0.0,0.64,0.73
1120,0.0,0.62,0.75
1121,0.01,0.6,0.77
1122,0.01,0.58,0.79
1123,0.02,0.55,0.81
1124,0.02,0.53,0.83
1125,0.03,0.51,0.84
1126,0.04,0.49,0.86
1127,0.04,0.48,0.87
1128,0.04,0.47,0.88
1129,0.05,0.45,0.89
1130,0.06,0.44,0.9
1131,0.07,0.43,0.9
1132,0.08,0.41,0.91
1133,0.09,0.4,0.91
1134,0.11,0.38,0.92
1135,0.12,0.36,0.93
1136,0.14,0.34,0.94
1137,0.16,0.32,0.94
1138,0.19,0.29,0.95
1139,0.22,0.26,0.96
1140,0.25,0.24,0.97
1141,0.28,0.21,0.97
1142,0.31,0.18,0.98
1143,0.34,0.15,0.98
1144,0.37,0.13,0.98
1145,0.4,0.1,0.99
1146,0.43,0.08,0.99
1147,0.45,0.06,0.99
1148,0.47,0.04,0.99
1149,0.49,0.03,0.99
1150,0.51,0.02,0.98
1151,0.53,0.01,0.98
1152,0.55,0.0,0.97
1153,0.56,0.0,0.96
1154,0.58,0.0,0.95
1155,0.6,0.0,0.94
1156,0.62,0.0,0.92
1157,0.64,0.01,0.89
1158,0.66,0.02,0.87
1159,0.68,0.03,0.84
1160,0.71,0.04,0.8
1161,0.74,0.06,0.77
1162,0.76,0.07,0.73
1163,0.79,0.08,0.7
1164,0.82,0.1,0.66
1165,0.84,0.11,0.63
1166,0.87,0.13,0.59
1167,0.89,0.14,0.56
1168,0.92,0.15,0.53
1169,0.93,0.16,0.5
1170,0.95,0.17,0.48
1171,0.96,0.18,0.46
1172,0.97,0.19,0.44
1173,0.98,0.21,0.42
1174,0.98,0.22,0.41
1175,0.98,0.23,0.39
1176,0.98,0.24,0.38
1177,0.99,0.26,0.36
1178,0.99,0.27,0.35
1179,0.99,0.29,0.33
1180,0.99,0.3,0.31
1181,0.98,0.32,0.3
1182,0.98,0.34,0.28
1183,0.98,0.36,0.26
1184,0.98,0.39,0.23
1185,0.97,0.41,0.21
1186,0.97,0.43,0.19
1187,0.96,0.45,0.18
1188,0.95,0.48,0.16
1189,0.95,0.5,0.14
1190,0.94,0.51,0.13
1191,0.93,0.53,0.12
1192,0.93,0.54,0.11
1193,0.92,0.55,0.1
1194,0.91,0.57,0.09
1195,0.9,0.58,0.09
1196,0.89,0.59,0.08
1197,0.88,0.61,0.08
1198,0.87,0.62,0.07
1199,0.85,0.64,0.07
1200,0.83,0.66,0.06
1201,0.81,0.68,0.05
1202,0.78,0.71,0.05
1203,0.75,0.74,0.04
1204,0.73,0.76,0.03
1205,0.7,0.79,0.03
1206,0.67,0.82,0.02
1207,0.63,0.85,0.02
1208,0.61,0.87,0.02
1209,0.57,0.89,0.02
1210,0.55,0.92,0.01
1211,0.52,0.94,0.01
1212,0.5,0.95,0.01
1213,0.48,0.96,0.02
1214,0.46,0.97,0.02
1215,0.45,0.98,0.02
1216,0.43,0.99,0.03
1217,0.41,0.99,0.04
1218,0.4,0.99,0.05
1219,0.38,0.99,0.07
1220,0.36,0.98,0.09
1221,0.34,0.98,0.11
1222,0.32,0.97,0.13
1223,0.3,0.96,0.16
1224,0.27,0.95,0.2
1225,0.25,0.93,0.23
1226,0.22,0.92,0.27
1227,0.2,0.9,0.3
1228,0.17,0.89,0.34
1229,0.14,0.88,0.37
1230,0.12,0.86,0.41
1231,0.09,0.85,0.44
1232,0.07,0.84,0.47
1233,0.06,0.82,0.49
1234,0.05,0.81,0.51
1235,0.03,0.8,0.53
1236,0.02,0.79,0.55
1237,0.01,0.78,0.57
1238,0.01,0.77,0.59
1239,0.01,0.76,0.6
1240,0.01,0.75,0.61
1241,0.0,0.74,0.63
1242,0.0,0.72,0.65
1243,0.0,0.71,0.66
1244,0.0,0.69,0.68
1245,0.0,0.67,0.7
1246,0.01,0.65,0.71
1247,0.01,0.63,0.74
1248,0.01,0.61,0.76
1249,0.01,0.59,0.78
1250,0.02,0.56,0.8
1251,0.02,0.54,0.81
1252,0.03,0.52,0.83
1253,0.04,0.5,0.85
1254,0.04,0.49,0.86
1255,0.05,0.47,0.87
1256,0.05,0.46,0.88
1257,0.06,0.45,0.89
1258,0.06,0.43,0.9
1259,0.07,0.42,0.91
1260,0.09,0.4,0.91
1261,0.1,0.39,0.92
1262,0.11,0.38,0.92
1263,0.13,0.36,0.93
1264,0.14,0.34,0.94
1265,0.17,0.31,0.95
1266,0.19,0.29,0.95
1267,0.22,0.26,0.96
1268,0.25,0.23,0.97
1269,0.28,0.2,0.97
1270,0.31,0.17,0.98
1271,0.34,0.15,0.98
1272,0.37,0.12,0.99
1273,0.4,0.1,0.99
1274,0.43,0.08,0.99
1275,0.45,0.06,0.99
1276,0.47,0.04,0.99
1277,0.49,0.03,0.99
1278,0.51,0.02,0.99
1279,0.52,0.01,0.99
1280,0.54,0.0,0.98
1281,0.56,0.0,0.97
1282,0.58,0.0,0.96
1283,0.59,0.0,0.94
1284,0.61,0.0,0.92
1285,0.63,0.01,0.9
1286,0.65,0.01,0.88
1287,0.68,0.03,0.85
1288,0.7,0.04,0.81
1289,0.73,0.05,0.78
1290,0.76,0.06,0.75
1291,0.78,0.08,0.71
1292,0.81,0.09,0.68
1293,0.84,0.1,0.64
1294,0.86,0.12,0.61
1295,0.89,0.13,0.57
1296,0.91,0.14,0.54
1297,0.93,0.15,0.52
1298,0.94,0.16,0.5
1299,0.95,0.17,0.48
1300,0.97,0.18,0.46
1301,0.98,0.19,0.44
1302,0.98,0.2,0.42
1303,0.99,0.21,0.41
1304,0.99,0.22,0.39
1305,0.99,0.24,0.38
1306,0.99,0.25,0.36
1307,1.0,0.27,0.34
1308,1.0,0.28,0.33
1309,0.99,0.3,0.31
1310,0.99,0.32,0.29
1311,0.99,0.34,0.27
1312,0.99,0.36,0.24
1313,0.99,0.39,0.22
1314,0.98,0.41,0.2
1315,0.98,0.43,0.19
1316,0.97,0.45,0.17
1317,0.97,0.47,0.15
1318,0.96,0.49,0.14
1319,0.96,0.5,0.12
1320,0.95,0.52,0.12
1321,0.95,0.53,0.1
1322,0.94,0.54,0.09
1323,0.93,0.56,0.09
1324,0.92,0.57,0.08
1325,0.91,0.59,0.07
1326,0.9,0.6,0.07
1327,0.88,0.62,0.06
1328,0.86,0.64,0.05
1329,0.84,0.67,0.04
1330,0.81,0.7,0.04
1331,0.79,0.72,0.03
1332,0.76,0.75,0.02
1333,0.73,0.78,0.01
1334,0.7,0.81,0.01
1335,0.67,0.84,0.0
1336,0.64,0.86,0.0
1337,0.61,0.88,0.0
1338,0.58,0.91,0.0
1339,0.55,0.93,0.0
1340,0.53,0.94,0.0
1341,0.51,0.96,0.0
1342,0.5,0.97,0.0
1343,0.48,0.98,0.0
1344,0.46,0.99,0.0
1345,0.44,0.99,0.02
1346,0.42,1.0,0.03
1347,0.41,0.99,0.04
1348,0.39,0.99,0.06
1349,0.37,0.98,0.08
1350,0.34,0.98,0.11
1351,0.32,0.97,0.14
1352,0.29,0.95,0.17
1353,0.27,0.94,0.21
1354,0.24,0.93,0.24
1355,0.21,0.91,0.28
1356,0.18,0.9,0.31
1357,0.16,0.89,0.35
1358,0.13,0.87,0.38
1359,0.11,0.86,0.42
1360,0.08,0.85,0.45
1361,0.07,0.84,0.47
1362,0.05,0.83,0.49
1363,0.04,0.82,0.52
1364,0.02,0.81,0.54
1365,0.01,0.8,0.56
1366,0.01,0.79,0.57
1367,0.01,0.77,0.59
1368,0.0,0.76,0.6
1369,0.0,0.75,0.62
1370,0.0,0.74,0.63
1371,0.0,0.72,0.65
1372,0.0,0.7,0.67
1373,0.0,0.68,0.69
1374,0.0,0.66,0.71
1375,0.0,0.64,0.73
1376,0.0,0.62,0.75
1377,0.01,0.6,0.77
1378,0.01,0.57,0.79
1379,0.02,0.55,0.81
1380,0.02,0.53,0.83
1381,0.03,0.51,0.85
1382,0.04,0.49,0.86
1383,0.04,0.48,0.87
1384,0.05,0.47,0.88
1385,0.05,0.45,0.89
1386,0.06,0.44,0.9
1387,0.07,0.43,0.91
1388,0.08,0.41,0.91
1389,0.09,0.4,0.92
1390,0.11,0.38,0.92
1391,0.12,0.36,0.93
1392,0.14,0.34,0.94
1393,0.16,0.31,0.95
1394,0.19,0.29,0.95
1395,0.22,0.26,0.96
1396,0.25,0.23,0.97
1397,0.28,0.21,0.97
1398,0.31,0.18,0.98
1399,0.34,0.15,0.98
1400,0.37,0.13,0.98
1401,0.4,0.1,0.99
1402,0.43,0.08,0.99
1403,0.45,0.06,0.99
1404,0.47,0.04,0.99
1405,0.49,0.03,0.99
1406,0.51,0.02,0.98
1407,0.53,0.01,0.98
1408,0.55,0.0,0.97
1409,0.56,0.0,0.96
1410,0.58,0.0,0.95
1411,0.6,0.0,0.94
1412,0.62,0.01,0.92
1413,0.64,0.01,0.89
1414,0.66,0.02,0.87
1415,0.68,0.03,0.84
1416,0.71,0.04,0.8
1417,0.73,0.06,0.77
1418,0.76,0.07,0.73
1419,0.79,0.08,0.7
1420,0.82,0.1,0.66
1421,0.84,0.11,0.63
1422,0.87,0.13,0.59
1423,0.89,0.14,0.56
1424,0.92,0.15,0.53
1425,0.93,0.16,0.5
1426,0.95,0.17,0.48
1427,0.96,0.18,0.46
1428,0.97,0.19,0.44
1429,0.98,0.2,0.42
1430,0.98,0.22,0.41
1431,0.99,0.23,0.39
1432,0.98,0.24,0.38
1433,0.99,0.25,0.36
1434,0.99,0.27,0.35
1435,0.99,0.28,0.33
1436,0.99,0.3,0.31
1437,0.99,0.32,0.3
1438,0.98,0.34,0.28
1439,0.98,0.36,0.26
1440,0.98,0.39,0.23
1441,0.97,0.41,0.21
1442,0.97,0.43,0.19
1443,0.96,0.45,0.18
1444,0.95,0.47,0.16
1445,0.95,0.5,0.14
1446,0.94,0.51,0.13
1447,0.94,0.53,0.12
1448,0.93,0.54,0.11
1449,0.92,0.55,0.1
1450,0.92,0.56,0.09
1451,0.91,0.58,0.09
1452,0.89,0.59,0.08
1453,0.88,0.61,0.08
1454,0.87,0.62,0.07
1455,0.85,0.64,0.07
1456,0.83,0.66,0.06
1457,0.81,0.68,0.05
1458,0.78,0.71,0.05
1459,0.76,0.73,0.04
1460,0.73,0.76,0.03
1461,0.7,0.79,0.03
1462,0.67,0.82,0.02
1463,0.64,0.84,0.02
1464,0.61,0.87,0.02
1465,0.58,0.89,0.02
1466,0.55,0.92,0.01
1467,0.52,0.93,0.01
1468,0.5,0.95,0.02
1469,0.48,0.96,0.02
1470,0.47,0.97,0.02
1471,0.45,0.98,0.02
1472,0.43,0.99,0.03
1473,0.41,0.99,0.04
1474,0.4,0.99,0.05
1475,0.38,0.99,0.07
1476,0.36,0.98,0.09
1477,0.34,0.98,0.11
1478,0.32,0.97,0.13
1479,0.3,0.96,0.16
1480,0.27,0.95,0.19
1481,0.25,0.93,0.23
1482,0.22,0.92,0.26
1483,0.2,0.9,0.3
1484,0.17,0.89,0.34
1485,0.14,0.88,0.37
1486,0.12,0.86,0.4
1487,0.1,0.85,0.44
1488,0.07,0.84,0.47
1489,0.06,0.82,0.49
1490,0.04,0.81,0.51
1491,0.03,0.8,0.53
1492,0.02,0.79,0.55
1493,0.01,0.78,0.57
1494,0.01,0.77,0.59
1495,0.01,0.76,0.6
1496,0.01,0.75,0.61
1497,0.01,0.74,0.63
1498,0.0,0.72,0.64
1499,0.0,0.71,0.66
1500,0.0,0.69,0.68
1501,0.0,0.67,0.7
1502,0.01,0.65,0.71
1503,0.01,0.63,0.73
1504,0.01,0.61,0.76
1505,0.01,0.59,0.78
1506,0.02,0.56,0.8
1507,0.02,0.54,0.81
1508,0.03,0.52,0.83
1509,0.04,0.5,0.85
1510,0.04,0.49,0.86
1511,0.05,0.47,0.87
1512,0.05,0.46,0.88
1513,0.06,0.45,0.89
1514,0.06,0.43,0.9
1515,0.07,0.42,0.91
1516,0.08,0.41,0.91
1517,0.1,0.39,0.92
1518,0.11,0.38,0.92
1519,0.13,0.36,0.93
1520,0.14,0.34,0.94
1521,0.17,0.31,0.95
1522,0.19,0.29,0.95
1523,0.22,0.26,0.96
1524,0.25,0.23,0.97
1525,0.28,0.2,0.97
1526,0.31,0.18,0.98
1527,0.34,0.15,0.98
1528,0.37,0.12,0.99
1529,0.39,0.1,0.99
1530,0.42,0.08,0.99
1531,0.45,0.06,0.99
1532,0.47,0.04,0.99
1533,0.49,0.03,0.99
1534,0.5,0.02,0.99
1535,0.52,0.01,0.99
1536,0.54,0.0,0.98
1537,0.56,0.0,0.97
1538,0.57,0.0,0.96
1539,0.59,0.0,0.94
1540,0.61,0.0,0.92
1541,0.63,0.01,0.9
1542,0.65,0.01,0.88
1543,0.68,0.03,0.85
1544,0.7,0.04,0.81
1545,0.73,0.05,0.78
1546,0.76,0.06,0.75
1547,0.78,0.08,0.71
1548,0.81,0.09,0.68
1549,0.84,0.1,0.64
1550,0.86,0.12,0.6
1551,0.89,0.13,0.57
1552,0.91,0.14,0.54
1553,0.92,0.15,0.52
1554,0.94,0.16,0.5
1555,0.95,0.17,0.48
1556,0.97,0.18,0.46
1557,0.98,0.19,0.44
1558,0.98,0.2,0.42
1559,0.98,0.21,0.41
1560,0.99,0.23,0.39
1561,0.99,0.24,0.38
1562,0.99,0.25,0.36
1563,1.0,0.27,0.34
1564,0.99,0.29,0.33
1565,0.99,0.3,0.31
1566,0.99,0.32,0.29
1567,0.99,0.34,0.27
1568,0.99,0.37,0.24
1569,0.99,0.39,0.22
1570,0.98,0.41,0.2
1571,0.98,0.43,0.19
1572,0.97,0.45,0.17
1573,0.97,0.47,0.15
1574,0.96,0.49,0.14
1575,0.96,0.5,0.13
1576,0.95,0.52,0.11
1577,0.95,0.53,0.1
1578,0.94,0.55,0.09
1579,0.93,0.56,0.09
1580,0.92,0.57,0.08
1581,0.91,0.59,0.08
1582,0.9,0.6,0.07
1583,0.88,0.62,0.06
1584,0.86,0.64,0.05
1585,0.84,0.67,0.04
1586,0.81,0.7,0.04
1587,0.79,0.72,0.03
1588,0.76,0.75,0.02
1589,0.73,0.78,0.01
1590,0.7,0.81,0.01
1591,0.67,0.84,0.0
1592,0.64,0.86,0.0
1593,0.61,0.89,0.0
1594,0.58,0.91,0.0
1595,0.55,0.93,0.0
1596,0.53,0.94,0.0
1597,0.51,0.96,0.0
1598,0.49,0.97,0.0
1599,0.48,0.98,0.0
1600,0.46,0.99,0.01
1601,0.44,0.99,0.02
1602,0.42,0.99,0.03
1603,0.41,0.99,0.04
1604,0.39,0.99,0.06
1605,0.37,0.98,0.08
1606,0.34,0.98,0.11
1607,0.32,0.97,0.14
1608,0.29,0.95,0.17
1609,0.27,0.94,0.21
1610,0.24,0.93,0.24
1611,0.21,0.91,0.28
1612,0.18,0.9,0.31
1613,0.16,0.89,0.35
1614,0.13,0.87,0.38
1615,0.11,0.86,0.42
1616,0.08,0.85,0.45
1617,0.07,0.84,0.47
1618,0.05,0.83,0.49
1619,0.04,0.82,0.52
1620,0.02,0.81,0.54
1621,0.01,0.8,0.55
1622,0.01,0.79,0.57
1623,0.01,0.78,0.58
1624,0.0,0.76,0.6
1625,0.0,0.75,0.62
1626,0.0,0.74,0.63
1627,0.0,0.72,0.65
1628,0.0,0.7,0.67
1629,0.0,0.68,0.68
1630,0.0,0.67,0.7
1631,0.0,0.64,0.73
1632,0.0,0.62,0.75
1633,0.01,0.6,0.77
1634,0.01,0.58,0.79
1635,0.02,0.55,0.81
1636,0.02,0.53,0.83
1637,0.03,0.51,0.84
1638,0.04,0.49,0.86
1639,0.04,0.48,0.87
1640,0.04,0.47,0.88
1641,0.05,0.45,0.89
1642,0.06,0.44,0.9
1643,0.07,0.43,0.9
1644,0.08,0.41,0.91
1645,0.09,0.4,0.91
1646,0.11,0.38,0.92
1647,0.12,0.36,0.93
1648,0.14,0.34,0.94
1649,0.16,0.32,0.94
1650,0.19,0.29,0.95
1651,0.22,0.26,0.96
1652,0.25,0.24,0.97
1653,0.28,0.21,0.97
1654,0.31,0.18,0.98
1655,0.34,0.15,0.98
1656,0.37,0.13,0.98
1657,0.4,0.1,0.99
1658,0.43,0.08,0.99
1659,0.45,0.06,0.99
1660,0.47,0.04,0.99
1661,0.49,0.03,0.99
1662,0.51,0.02,0.98
1663,0.53,0.01,0.98
1664,0.55,0.0,0.97
1665,0.56,0.0,0.96
1666,0.58,0.0,0.95
1667,0.6,0.0,0.94
1668,0.62,0.0,0.92
1669,0.64,0.01,0.89
1670,0.66,0.02,0.87
1671,0.68,0.03,0.84
1672,0.71,0.04,0.8
1673,0.74,0.06,0.77
1674,0.76,0.07,0.73
1675,0.79,0.08,0.7
1676,0.82,0.1,0.66
1677,0.84,0.11,0.63
1678,0.87,0.13,0.59
1679,0.89,0.14,0.56
1680,0.92,0.15,0.53
1681,0.93,0.16,0.5
1682,0.95,0.17,0.48
1683,0.96,0.18,0.46
1684,0.97,0.19,0.44
1685,0.98,0.21,0.42
1686,0.98,0.22,0.41
1687,0.98,0.23,0.39
1688,0.98,0.24,0.38
1689,0.99,0.26,0.36
1690,0.99,0.27,0.35
1691,0.99,0.29,0.33
1692,0.99,0.3,0.31
1693,0.98,0.32,0.3
1694,0.98,0.34,0.28
1695,0.98,0.36,0.26
1696,0.98,0.39,0.23
1697,0.97,0.41,0.21
1698,0.97,0.43,0.19
1699,0.96,0.45,0.18
1700,0.95,0.48,0.16
1701,0.95,0.5,0.14
1702,0.94,0.51,0.13
1703,0.93,0.53,0.12
1704,0.93,0.54,0.11
1705,0.92,0.55,0.1
1706,0.91,0.57,0.09
1707,0.9,0.58,0.09
1708,0.89,0.59,0.08
1709,0.88,0.61,0.08
1710,0.87,0.62,0.07
1711,0.85,0.64,0.07
1712,0.83,0.66,0.06
1713,0.81,0.68,0.05
1714,0.78,0.71,0.05
1715,0.75,0.74,0.04
1716,0.73,0.76,0.03
1717,0.7,0.79,0.03
1718,0.67,0.82,0.02
1719,0.63,0.85,0.02
1720,0.61,0.87,0.02
1721,0.57,0.89,0.02
1722,0.55,0.92,0.01
1723,0.52,0.94,0.01
1724,0.5,0.95,0.01
1725,0.48,0.96,0.02
1726,0.46,0.97,0.02
1727,0.45,0.98,0.02
1728,0.43,0.99,0.03
1729,0.41,0.99,0.04
1730,0.4,0.99,0.05
1731,0.38,0.99,0.07
1732,0.36,0.98,0.09
1733,0.34,0.98,0.11
1734,0.32,0.97,0.13
1735,0.3,0.96,0.16
1736,0.27,0.95,0.2
1737,0.25,0.93,0.23
1738,0.22,0.92,0.27
1739,0.2,0.9,0.3
1740,0.17,0.89,0.34
1741,0.14,0.88,0.37
1742,0.12,0.86,0.41
1743,0.09,0.85,0.44
1744,0.07,0.84,0.47
1745,0.06,0.82,0.49
1746,0.05,0.81,0.51
1747,0.03,0.8,0.53
1748,0.02,0.79,0.55
1749,0.01,0.78,0.57
1750,0.01,0.77,0.59
1751,0.01,0.76,0.6
1752,0.01,0.75,0.61
1753,0.0,0.74,0.63
1754,0.0,0.72,0.65
1755,0.0,0.71,0.66
1756,0.0,0.69,0.68
1757,0.0,0.67,0.7
1758,0.01,0.65,0.71
1759,0.01,0.63,0.74
1760,0.01,0.61,0.76
1761,0.01,0.59,0.78
1762,0.02,0.56,0.8
1763,0.02,0.54,0.81
1764,0.03,0.52,0.83
1765,0.04,0.5,0.85
1766,0.04,0.49,0.86
1767,0.05,0.47,0.87
1768,0.05,0.46,0.88
1769,0.06,0.45,0.89
1770,0.06,0.43,0.9
1771,0.07,0.42,0.91
1772,0.09,0.4,0.91
1773,0.1,0.39,0.92
1774,0.11,0.38,0.92
1775,0.13,0.36,0.93
1776,0.14,0.34,0.94
1777,0.17,0.31,0.95
1778,0.19,0.29,0.95
1779,0.22,0.26,0.96
1780,0.25,0.23,0.97
1781,0.28,0.2,0.97
1782,0.31,0.17,0.98
1783,0.34,0.15,0.98
1784,0.37,0.12,0.99
1785,0.4,0.1,0.99
1786,0.43,0.08,0.99
1787,0.45,0.06,0.99
1788,0.47,0.04,0.99
1789,0.49,0.03,0.99
1790,0.51,0.02,0.99
1791,0.52,0.01,0.99
1792,0.54,0.0,0.98
1793,0.56,0.0,0.97
1794,0.58,0.0,0.96
1795,0.59,0.0,0.94
1796,0.61,0.0,0.92
1797,0.63,0.01,0.9
1798,0.65,0.01,0.88
1799,0.68,0.03,0.85
1800,0.7,0.04,0.81
1801,0.73,0.05,0.78
1802,0.76,0.06,0.75
1803,0.78,0.08,0.71
1804,0.81,0.09,0.68
1805,0.84,0.1,0.64
1806,0.86,0.12,0.61
1807,0.89,0.13,0.57
1808,0.91,0.14,0.54
1809,0.93,0.15,0.52
1810,0.94,0.16,0.5
1811,0.95,0.17,0.48
1812,0.97,0.18,0.46
1813,0.98,0.19,0.44
1814,0.98,0.2,0.42
1815,0.99,0.21,0.41
1816,0.99,0.22,0.39
1817,0.99,0.24,0.38
1818,0.99,0.25,0.36
1819,1.0,0.27,0.34
1820,1.0,0.28,0.33
1821,0.99,0.3,0.31
1822,0.99,0.32,0.29
1823,0.99,0.34,0.27
1824,0.99,0.36,0.24
1825,0.99,0.39,0.22
1826,0.98,0.41,0.2
1827,0.98,0.43,0.19
1828,0.97,0.45,0.17
1829,0.97,0.47,0.15
1830,0.96,0.49,0.14
1831,0.96,0.5,0.12
1832,0.95,0.52,0.12
1833,0.95,0.53,0.1
1834,0.94,0.54,0.09
1835,0.93,0.56,0.09
1836,0.92,0.57,0.08
1837,0.91,0.59,0.07
1838,0.9,0.6,0.07
1839,0.88,0.62,0.06
1840,0.86,0.64,0.05
1841,0.84,0.67,0.04
1842,0.81,0.7,0.04
1843,0.79,0.72,0.03
1844,0.76,0.75,0.02
1845,0.73,0.78,0.01
1846,0.7,0.81,0.01
1847,0.67,0.84,0.0
1848,0.64,0.86,0.0
1849,0.61,0.88,0.0
1850,0.58,0.91,0.0
1851,0.55,0.93,0.0
1852,0.53,0.94,0.0
1853,0.51,0.96,0.0
1854,0.5,0.97,0.0
1855,0.48,0.98,0.0
1856,0.46,0.99,0.0
1857,0.44,0.99,0.02
1858,0.42,1.0,0.03
1859,0.41,0.99,0.04
1860,0.39,0.99,0.06
1861,0.37,0.98,0.08
1862,0.34,0.98,0.11
1863,0.32,0.97,0.14
1864,0.29,0.95,0.17
1865,0.27,0.94,0.21
1866,0.24,0.93,0.24
1867,0.21,0.91,0.28
1868,0.18,0.9,0.31
1869,0.16,0.89,0.35
1870,0.13,0.87,0.38
1871,0.11,0.86,0.42
1872,0.08,0.85,0.45
1873,0.07,0.84,0.47
1874,0.05,0.83,0.49
1875,0.04,0.82,0.52
1876,0.02,0.81,0.54
1877,0.01,0.8,0.56
1878,0.01,0.79,0.57
1879,0.01,0.77,0.59
1880,0.0,0.76,0.6
1881,0.0,0.75,0.62
1882,0.0,0.74,0.63
1883,0.0,0.72,0.65
1884,0.0,0.7,0.67
1885,0.0,0.68,0.69
1886,0.0,0.66,0.71
1887,0.0,0.64,0.73
1888,0.0,0.62,0.75
1889,0.01,0.6,0.77
1890,0.01,0.57,0.79
1891,0.02,0.55,0.81
1892,0.02,0.53,0.83
1893,0.03,0.51,0.85
1894,0.04,0.49,0.86
1895,0.04,0.48,0.87
1896,0.05,0.47,0.88
1897,0.05,0.45,0.89
1898,0.06,0.44,0.9
1899,0.07,0.43,0.91
1900,0.08,0.41,0.91
1901,0.09,0.4,0.92
1902,0.11,0.38,0.92
1903,0.12,0.36,0.93
1904,0.14,0.34,0.94
1905,0.16,0.31,0.95
1906,0.19,0.29,0.95
1907,0.22,0.26,0.96
1908,0.25,0.23,0.97
1909,0.28,0.21,0.97
1910,0.31,0.18,0.98
1911,0.34,0.15,0.98
1912,0.37,0.13,0.98
1913,0.4,0.1,0.99
1914,0.43,0.08,0.99
1915,0.45,0.06,0.99
1916,0.47,0.04,0.99
1917,0.49,0.03,0.99
1918,0.51,0.02,0.98
1919,0.53,0.01,0.98
1920,0.55,0.0,0.97
1921,0.56,0.0,0.96
1922,0.58,0.0,0.95
1923,0.6,0.0,0.94
1924,0.62,0.01,0.92
1925,0.64,0.01,0.89
1926,0.66,0.02,0.87
1927,0.68,0.03,0.84
1928,0.71,0.04,0.8
1929,0.73,0.06,0.77
1930,0.76,0.07,0.73
1931,0.79,0.08,0.7
1932,0.82,0.1,0.66
1933,0.84,0.11,0.63
1934,0.87,0.13,0.59
1935,0.89,0.14,0.56
1936,0.92,0.15,0.53
1937,0.93,0.16,0.5
1938,0.95,0.17,0.48
1939,0.96,0.18,0.46
1940,0.97,0.19,0.44
1941,0.98,0.2,0.42
1942,0.98,0.22,0.41
1943,0.99,0.23,0.39
1944,0.98,0.24,0.38
1945,0.99,0.25,0.36
1946,0.99,0.27,0.35
1947,0.99,0.28,0.33
1948,0.99,0.3,0.31
1949,0.99,0.32,0.3
1950,0.98,0.34,0.28
1951,0.98,0.36,0.26
1952,0.98,0.39,0.23
1953,0.97,0.41,0.21
1954,0.97,0.43,0.19
1955,0.96,0.45,0.18
1956,0.95,0.47,0.16
1957,0.95,0.5,0.14
1958,0.94,0.51,0.13
1959,0.94,0.53,0.12
1960,0.93,0.54,0.11
1961,0.92,0.55,0.1
1962,0.92,0.56,0.09
1963,0.91,0.58,0.09
1964,0.89,0.59,0.08
1965,0.88,0.61,0.08
1966,0.87,0.62,0.07
1967,0.85,0.64,0.07
1968,0.83,0.66,0.06
1969,0.81,0.68,0.05
1970,0.78,0.71,0.05
1971,0.76,0.73,0.04
1972,0.73,0.76,0.03
1973,0.7,0.79,0.03
1974,0.67,0.82,0.02
1975,0.64,0.84,0.02
1976,0.61,0.87,0.02
1977,0.58,0.89,0.02
1978,0.55,0.92,0.01
1979,0.52,0.93,0.01
1980,0.5,0.95,0.02
1981,0.48,0.96,0.02
1982,0.47,0.97,0.02
1983,0.45,0.98,0.02
1984,0.43,0.99,0.03
1985,0.41,0.99,0.04
1986,0.4,0.99,0.05
1987,0.38,0.99,0.07
1988,0.36,0.98,0.09
1989,0.34,0.98,0.11
1990,0.32,0.97,0.13
1991,0.3,0.96,0.16
1992,0.27,0.95,0.19
1993,0.25,0.93,0.23
1994,0.22,0.92,0.26
1995,0.2,0.9,0.3
1996,0.17,0.89,0.34
1997,0.14,0.88,0.37
1998,0.12,0.86,0.4
1999,0.1,0.85,0.44
2000,0.07,0.84,0.47
2001,0.06,0.82,0.49
2002,0.04,0.81,0.51
2003,0.03,0.8,0.53
2004,0.02,0.79,0.55
2005,0.01,0.78,0.57
2006,0.01,0.77,0.59
2007,0.01,0.76,0.6
2008,0.01,0.75,0.61
2009,0.01,0.74,0.63
2010,0.0,0.72,0.64
2011,0.0,0.71,0.66
2012,0.0,0.69,0.68
2013,0.0,0.67,0.7
2014,0.01,0.65,0.71
2015,0.01,0.63,0.73
2016,0.01,0.61,0.76
2017,0.01,0.59,0.78
2018,0.02,0.56,0.8
2019,0.02,0.54,0.81
2020,0.03,0.52,0.83
2021,0.04,0.5,0.85
2022,0.04,0.49,0.86
2023,0.05,0.47,0.87
2024,0.05,0.46,0.88
2025,0.06,0.45,0.89
2026,0.06,0.43,0.9
2027,0.07,0.42,0.91
2028,0.08,0.41,0.91
2029,0.1,0.39,0.92
2030,0.11,0.38,0.92
2031,0.13,0.36,0.93
2032,0.14,0.34,0.94
2033,0.17,0.31,0.95
2034,0.19,0.29,0.95
2035,0.22,0.26,0.96
2036,0.25,0.23,0.97
2037,0.28,0.2,0.97
2038,0.31,0.18,0.98
2039,0.34,0.15,0.98
2040,0.37,0.12,0.99
2041,0.39,0.1,0.99
2042,0.42,0.08,0.99
2043,0.45,0.06,0.99
2044,0.47,0.04,0.99
2045,0.49,0.03,0.99
2046,0.5,0.02,0.99
2047,0.52,0.01,0.99
